{"name":null,"assets":[{"path":"symbols/846.png","type":"IMAGE"},{"path":"symbols/848.png","type":"IMAGE"},{"path":"symbols/850.png","type":"IMAGE"},{"path":"symbols/852.png","type":"IMAGE"},{"path":"symbols/854.png","type":"IMAGE"},{"path":"symbols/856.png","type":"IMAGE"},{"path":"symbols/858.png","type":"IMAGE"},{"path":"symbols/860.png","type":"IMAGE"},{"path":"symbols/862.png","type":"IMAGE"},{"path":"symbols/864.png","type":"IMAGE"},{"path":"symbols/866.png","type":"IMAGE"},{"path":"symbols/868.png","type":"IMAGE"},{"path":"symbols/870.png","type":"IMAGE"},{"path":"symbols/872.png","type":"IMAGE"},{"path":"symbols/874.png","type":"IMAGE"},{"path":"symbols/876.png","type":"IMAGE"},{"path":"symbols/878.png","type":"IMAGE"},{"path":"symbols/880.png","type":"IMAGE"},{"path":"symbols/882.png","type":"IMAGE"},{"path":"symbols/885.png","type":"IMAGE"},{"path":"symbols/884.png","type":"IMAGE"},{"path":"symbols/888.png","type":"IMAGE"},{"path":"symbols/887.png","type":"IMAGE"},{"path":"symbols/890.png","type":"IMAGE"},{"path":"symbols/892.png","type":"IMAGE"},{"path":"symbols/894.png","type":"IMAGE"},{"path":"symbols/896.png","type":"IMAGE"},{"path":"symbols/898.png","type":"IMAGE"},{"path":"symbols/900.png","type":"IMAGE"},{"path":"symbols/902.png","type":"IMAGE"},{"path":"symbols/904.png","type":"IMAGE"},{"path":"symbols/906.png","type":"IMAGE"},{"path":"symbols/908.png","type":"IMAGE"},{"path":"symbols/505.png","type":"IMAGE"},{"path":"symbols/638.png","type":"IMAGE"},{"path":"symbols/510.png","type":"IMAGE"},{"path":"symbols/520.png","type":"IMAGE"},{"path":"symbols/519.png","type":"IMAGE"},{"path":"symbols/522.png","type":"IMAGE"},{"path":"symbols/843.png","type":"IMAGE"},{"path":"symbols/842.png","type":"IMAGE"},{"path":"symbols/524.png","type":"IMAGE"},{"path":"symbols/588.png","type":"IMAGE"},{"path":"symbols/587.png","type":"IMAGE"},{"path":"symbols/586.png","type":"IMAGE"},{"path":"symbols/594.png","type":"IMAGE"},{"path":"symbols/598.png","type":"IMAGE"},{"path":"symbols/597.png","type":"IMAGE"},{"path":"symbols/600.png","type":"IMAGE"},{"path":"symbols/608.png","type":"IMAGE"},{"path":"symbols/607.png","type":"IMAGE"},{"path":"symbols/621.png","type":"IMAGE"},{"path":"symbols/507.png","type":"IMAGE"},{"path":"symbols/814.png","type":"IMAGE"},{"path":"symbols/818.png","type":"IMAGE"},{"path":"symbols/820.png","type":"IMAGE"},{"path":"symbols/612.png","type":"IMAGE"},{"path":"symbols/822.png","type":"IMAGE"},{"path":"symbols/614.png","type":"IMAGE"},{"path":"symbols/616.png","type":"IMAGE"},{"path":"symbols/826.png","type":"IMAGE"},{"path":"symbols/828.png","type":"IMAGE"},{"path":"symbols/552.png","type":"IMAGE"},{"path":"symbols/831.png","type":"IMAGE"},{"path":"symbols/835.png","type":"IMAGE"},{"path":"symbols/837.png","type":"IMAGE"},{"path":"symbols/809.png","type":"IMAGE"},{"path":"symbols/811.png","type":"IMAGE"},{"path":"symbols/804.png","type":"IMAGE"},{"path":"symbols/806.png","type":"IMAGE"},{"path":"symbols/799.png","type":"IMAGE"},{"path":"symbols/801.png","type":"IMAGE"},{"path":"symbols/794.png","type":"IMAGE"},{"path":"symbols/796.png","type":"IMAGE"},{"path":"symbols/651.png","type":"IMAGE"},{"path":"symbols/791.png","type":"IMAGE"},{"path":"symbols/787.png","type":"IMAGE"},{"path":"symbols/513.png","type":"IMAGE"},{"path":"symbols/516.png","type":"IMAGE"},{"path":"symbols/540.png","type":"IMAGE"},{"path":"symbols/630.png","type":"IMAGE"},{"path":"symbols/592.png","type":"IMAGE"},{"path":"symbols/635.png","type":"IMAGE"},{"path":"symbols/576.png","type":"IMAGE"},{"path":"symbols/582.png","type":"IMAGE"},{"path":"symbols/643.png","type":"IMAGE"},{"path":"symbols/645.png","type":"IMAGE"},{"path":"symbols/649.png","type":"IMAGE"},{"path":"symbols/658.png","type":"IMAGE"},{"path":"symbols/662.png","type":"IMAGE"},{"path":"symbols/661.png","type":"IMAGE"},{"path":"symbols/672.png","type":"IMAGE"},{"path":"symbols/675.png","type":"IMAGE"},{"path":"symbols/681.png","type":"IMAGE"},{"path":"symbols/683.png","type":"IMAGE"},{"path":"symbols/685.png","type":"IMAGE"},{"path":"symbols/689.png","type":"IMAGE"},{"path":"symbols/697.png","type":"IMAGE"},{"path":"symbols/699.png","type":"IMAGE"},{"path":"symbols/701.png","type":"IMAGE"},{"path":"symbols/708.png","type":"IMAGE"},{"path":"symbols/714.png","type":"IMAGE"},{"path":"symbols/716.png","type":"IMAGE"},{"path":"symbols/718.png","type":"IMAGE"},{"path":"symbols/720.png","type":"IMAGE"},{"path":"symbols/722.png","type":"IMAGE"},{"path":"symbols/724.png","type":"IMAGE"},{"path":"symbols/726.png","type":"IMAGE"},{"path":"symbols/728.png","type":"IMAGE"},{"path":"symbols/730.png","type":"IMAGE"},{"path":"symbols/732.png","type":"IMAGE"},{"path":"symbols/734.png","type":"IMAGE"},{"path":"symbols/736.png","type":"IMAGE"},{"path":"symbols/738.png","type":"IMAGE"},{"path":"symbols/741.png","type":"IMAGE"},{"path":"symbols/740.png","type":"IMAGE"},{"path":"symbols/744.png","type":"IMAGE"},{"path":"symbols/746.png","type":"IMAGE"},{"path":"symbols/749.png","type":"IMAGE"},{"path":"symbols/752.png","type":"IMAGE"},{"path":"symbols/756.png","type":"IMAGE"},{"path":"symbols/759.png","type":"IMAGE"},{"path":"symbols/761.png","type":"IMAGE"},{"path":"symbols/763.png","type":"IMAGE"},{"path":"symbols/765.png","type":"IMAGE"},{"path":"symbols/768.png","type":"IMAGE"},{"path":"symbols/770.png","type":"IMAGE"},{"path":"symbols/772.png","type":"IMAGE"},{"path":"symbols/774.png","type":"IMAGE"},{"path":"symbols/776.png","type":"IMAGE"},{"path":"symbols/778.png","type":"IMAGE"},{"path":"symbols/782.png","type":"IMAGE"},{"path":"symbols/573.png","type":"IMAGE"},{"path":"symbols/578.png","type":"IMAGE"},{"path":"symbols/580.png","type":"IMAGE"},{"path":"symbols/584.png","type":"IMAGE"},{"path":"symbols/590.png","type":"IMAGE"},{"path":"symbols/603.png","type":"IMAGE"},{"path":"symbols/605.png","type":"IMAGE"},{"path":"symbols/610.png","type":"IMAGE"},{"path":"symbols/619.png","type":"IMAGE"},{"path":"symbols/623.png","type":"IMAGE"},{"path":"symbols/625.png","type":"IMAGE"},{"path":"symbols/627.png","type":"IMAGE"},{"path":"symbols/569.png","type":"IMAGE"},{"path":"symbols/562.png","type":"IMAGE"},{"path":"symbols/564.png","type":"IMAGE"},{"path":"symbols/566.png","type":"IMAGE"},{"path":"symbols/537.png","type":"IMAGE"},{"path":"symbols/535.png","type":"IMAGE"},{"path":"symbols/555.png","type":"IMAGE"},{"path":"symbols/554.png","type":"IMAGE"},{"path":"symbols/558.png","type":"IMAGE"},{"path":"symbols/557.png","type":"IMAGE"},{"path":"symbols/547.png","type":"IMAGE"},{"path":"symbols/549.png","type":"IMAGE"},{"path":"symbols/542.png","type":"IMAGE"},{"path":"symbols/544.png","type":"IMAGE"},{"path":"symbols/526.png","type":"IMAGE"},{"path":"symbols/528.png","type":"IMAGE"},{"path":"symbols/530.png","type":"IMAGE"},{"path":"symbols/532.png","type":"IMAGE"},{"path":"symbols/496.png","type":"IMAGE"},{"path":"symbols/495.png","type":"IMAGE"},{"path":"symbols/499.png","type":"IMAGE"},{"path":"symbols/498.png","type":"IMAGE"},{"path":"symbols/502.png","type":"IMAGE"},{"path":"symbols/501.png","type":"IMAGE"},{"path":"symbols/306.png","type":"IMAGE"},{"path":"symbols/309.png","type":"IMAGE"},{"path":"symbols/312.png","type":"IMAGE"},{"path":"symbols/316.png","type":"IMAGE"},{"path":"symbols/319.png","type":"IMAGE"},{"path":"symbols/322.png","type":"IMAGE"},{"path":"symbols/325.png","type":"IMAGE"},{"path":"symbols/328.png","type":"IMAGE"},{"path":"symbols/331.png","type":"IMAGE"},{"path":"symbols/361.png","type":"IMAGE"},{"path":"symbols/340.png","type":"IMAGE"},{"path":"symbols/343.png","type":"IMAGE"},{"path":"symbols/480.png","type":"IMAGE"},{"path":"symbols/483.png","type":"IMAGE"},{"path":"symbols/452.png","type":"IMAGE"},{"path":"symbols/454.png","type":"IMAGE"},{"path":"symbols/423.png","type":"IMAGE"},{"path":"symbols/473.png","type":"IMAGE"},{"path":"symbols/447.png","type":"IMAGE"},{"path":"symbols/449.png","type":"IMAGE"},{"path":"symbols/465.png","type":"IMAGE"},{"path":"symbols/470.png","type":"IMAGE"},{"path":"symbols/469.png","type":"IMAGE"},{"path":"symbols/468.png","type":"IMAGE"},{"path":"symbols/467.png","type":"IMAGE"},{"path":"symbols/442.png","type":"IMAGE"},{"path":"symbols/444.png","type":"IMAGE"},{"path":"symbols/460.png","type":"IMAGE"},{"path":"symbols/437.png","type":"IMAGE"},{"path":"symbols/439.png","type":"IMAGE"},{"path":"symbols/485.png","type":"IMAGE"},{"path":"symbols/475.png","type":"IMAGE"},{"path":"symbols/462.png","type":"IMAGE"},{"path":"symbols/375.png","type":"IMAGE"},{"path":"symbols/406.png","type":"IMAGE"},{"path":"symbols/335.png","type":"IMAGE"},{"path":"symbols/337.png","type":"IMAGE"},{"path":"symbols/427.png","type":"IMAGE"},{"path":"symbols/429.png","type":"IMAGE"},{"path":"symbols/432.png","type":"IMAGE"},{"path":"symbols/412.png","type":"IMAGE"},{"path":"symbols/415.png","type":"IMAGE"},{"path":"symbols/418.png","type":"IMAGE"},{"path":"symbols/398.png","type":"IMAGE"},{"path":"symbols/404.png","type":"IMAGE"},{"path":"symbols/391.png","type":"IMAGE"},{"path":"symbols/386.png","type":"IMAGE"},{"path":"symbols/389.png","type":"IMAGE"},{"path":"symbols/434.png","type":"IMAGE"},{"path":"symbols/421.png","type":"IMAGE"},{"path":"symbols/409.png","type":"IMAGE"},{"path":"symbols/395.png","type":"IMAGE"},{"path":"symbols/346.png","type":"IMAGE"},{"path":"symbols/349.png","type":"IMAGE"},{"path":"symbols/352.png","type":"IMAGE"},{"path":"symbols/355.png","type":"IMAGE"},{"path":"symbols/358.png","type":"IMAGE"},{"path":"symbols/215.png","type":"IMAGE"},{"path":"symbols/218.png","type":"IMAGE"},{"path":"symbols/220.png","type":"IMAGE"},{"path":"symbols/222.png","type":"IMAGE"},{"path":"symbols/225.png","type":"IMAGE"},{"path":"symbols/224.png","type":"IMAGE"},{"path":"symbols/227.png","type":"IMAGE"},{"path":"symbols/229.png","type":"IMAGE"},{"path":"symbols/231.png","type":"IMAGE"},{"path":"symbols/233.png","type":"IMAGE"},{"path":"symbols/235.png","type":"IMAGE"},{"path":"symbols/237.png","type":"IMAGE"},{"path":"symbols/239.png","type":"IMAGE"},{"path":"symbols/241.png","type":"IMAGE"},{"path":"symbols/243.png","type":"IMAGE"},{"path":"symbols/245.png","type":"IMAGE"},{"path":"symbols/247.png","type":"IMAGE"},{"path":"symbols/249.png","type":"IMAGE"},{"path":"symbols/251.png","type":"IMAGE"},{"path":"symbols/253.png","type":"IMAGE"},{"path":"symbols/255.png","type":"IMAGE"},{"path":"symbols/257.png","type":"IMAGE"},{"path":"symbols/259.png","type":"IMAGE"},{"path":"symbols/261.png","type":"IMAGE"},{"path":"symbols/263.png","type":"IMAGE"},{"path":"symbols/265.png","type":"IMAGE"},{"path":"symbols/267.png","type":"IMAGE"},{"path":"symbols/269.png","type":"IMAGE"},{"path":"symbols/271.png","type":"IMAGE"},{"path":"symbols/273.png","type":"IMAGE"},{"path":"symbols/275.png","type":"IMAGE"},{"path":"symbols/277.png","type":"IMAGE"},{"path":"symbols/279.png","type":"IMAGE"},{"path":"symbols/281.png","type":"IMAGE"},{"path":"symbols/283.png","type":"IMAGE"},{"path":"symbols/285.png","type":"IMAGE"},{"path":"symbols/287.png","type":"IMAGE"},{"path":"symbols/289.png","type":"IMAGE"},{"path":"symbols/291.png","type":"IMAGE"},{"path":"symbols/293.png","type":"IMAGE"},{"path":"symbols/295.png","type":"IMAGE"},{"path":"symbols/297.png","type":"IMAGE"},{"path":"symbols/299.png","type":"IMAGE"},{"path":"symbols/301.png","type":"IMAGE"},{"path":"symbols/177.png","type":"IMAGE"},{"path":"symbols/180.png","type":"IMAGE"},{"path":"symbols/183.png","type":"IMAGE"},{"path":"symbols/187.png","type":"IMAGE"},{"path":"symbols/190.png","type":"IMAGE"},{"path":"symbols/193.png","type":"IMAGE"},{"path":"symbols/196.png","type":"IMAGE"},{"path":"symbols/201.png","type":"IMAGE"},{"path":"symbols/204.png","type":"IMAGE"},{"path":"symbols/208.png","type":"IMAGE"},{"path":"symbols/211.png","type":"IMAGE"},{"path":"symbols/98.png","type":"IMAGE"},{"path":"symbols/100.png","type":"IMAGE"},{"path":"symbols/92.png","type":"IMAGE"},{"path":"symbols/94.png","type":"IMAGE"},{"path":"symbols/86.png","type":"IMAGE"},{"path":"symbols/88.png","type":"IMAGE"},{"path":"symbols/80.png","type":"IMAGE"},{"path":"symbols/82.png","type":"IMAGE"},{"path":"symbols/1.png","type":"IMAGE"},{"path":"symbols/4.png","type":"IMAGE"},{"path":"symbols/7.png","type":"IMAGE"},{"path":"symbols/10.png","type":"IMAGE"},{"path":"symbols/13.png","type":"IMAGE"},{"path":"symbols/21.png","type":"IMAGE"},{"path":"symbols/60.png","type":"IMAGE"},{"path":"symbols/62.png","type":"IMAGE"},{"path":"symbols/64.png","type":"IMAGE"},{"path":"symbols/66.png","type":"IMAGE"},{"path":"symbols/68.png","type":"IMAGE"},{"path":"symbols/70.png","type":"IMAGE"},{"path":"symbols/72.png","type":"IMAGE"},{"path":"symbols/74.png","type":"IMAGE"},{"path":"symbols/76.png","type":"IMAGE"},{"path":"symbols/55.png","type":"IMAGE"},{"path":"symbols/57.png","type":"IMAGE"},{"path":"symbols/51.png","type":"IMAGE"},{"path":"symbols/45.png","type":"IMAGE"},{"path":"symbols/47.png","type":"IMAGE"},{"path":"symbols/40.png","type":"IMAGE"},{"path":"symbols/42.png","type":"IMAGE"},{"path":"symbols/33.png","type":"IMAGE"},{"path":"symbols/35.png","type":"IMAGE"},{"path":"symbols/24.png","type":"IMAGE"},{"path":"symbols/26.png","type":"IMAGE"},{"path":"symbols/28.png","type":"IMAGE"},{"path":"symbols/30.png","type":"IMAGE"},{"path":"symbols/16.png","type":"IMAGE"},{"path":"data.json","type":"TEXT"}],"rootPath":null,"version":3,"libraryArgs":["data.json","8TZPKrDr3EWIEiR72lgb"],"libraryType":"swf.exporters.animate.AnimateLibrary"}