{"name":null,"assets":[{"path":"symbols/832.png","type":"IMAGE"},{"path":"symbols/835.png","type":"IMAGE"},{"path":"symbols/838.png","type":"IMAGE"},{"path":"symbols/841.png","type":"IMAGE"},{"path":"symbols/844.png","type":"IMAGE"},{"path":"symbols/852.png","type":"IMAGE"},{"path":"symbols/891.png","type":"IMAGE"},{"path":"symbols/893.png","type":"IMAGE"},{"path":"symbols/895.png","type":"IMAGE"},{"path":"symbols/897.png","type":"IMAGE"},{"path":"symbols/899.png","type":"IMAGE"},{"path":"symbols/901.png","type":"IMAGE"},{"path":"symbols/903.png","type":"IMAGE"},{"path":"symbols/905.png","type":"IMAGE"},{"path":"symbols/907.png","type":"IMAGE"},{"path":"symbols/886.png","type":"IMAGE"},{"path":"symbols/888.png","type":"IMAGE"},{"path":"symbols/882.png","type":"IMAGE"},{"path":"symbols/876.png","type":"IMAGE"},{"path":"symbols/878.png","type":"IMAGE"},{"path":"symbols/871.png","type":"IMAGE"},{"path":"symbols/873.png","type":"IMAGE"},{"path":"symbols/864.png","type":"IMAGE"},{"path":"symbols/866.png","type":"IMAGE"},{"path":"symbols/855.png","type":"IMAGE"},{"path":"symbols/857.png","type":"IMAGE"},{"path":"symbols/859.png","type":"IMAGE"},{"path":"symbols/861.png","type":"IMAGE"},{"path":"symbols/847.png","type":"IMAGE"},{"path":"symbols/823.png","type":"IMAGE"},{"path":"symbols/822.png","type":"IMAGE"},{"path":"symbols/826.png","type":"IMAGE"},{"path":"symbols/825.png","type":"IMAGE"},{"path":"symbols/829.png","type":"IMAGE"},{"path":"symbols/828.png","type":"IMAGE"},{"path":"symbols/633.png","type":"IMAGE"},{"path":"symbols/636.png","type":"IMAGE"},{"path":"symbols/639.png","type":"IMAGE"},{"path":"symbols/643.png","type":"IMAGE"},{"path":"symbols/646.png","type":"IMAGE"},{"path":"symbols/649.png","type":"IMAGE"},{"path":"symbols/652.png","type":"IMAGE"},{"path":"symbols/655.png","type":"IMAGE"},{"path":"symbols/658.png","type":"IMAGE"},{"path":"symbols/688.png","type":"IMAGE"},{"path":"symbols/667.png","type":"IMAGE"},{"path":"symbols/670.png","type":"IMAGE"},{"path":"symbols/807.png","type":"IMAGE"},{"path":"symbols/810.png","type":"IMAGE"},{"path":"symbols/779.png","type":"IMAGE"},{"path":"symbols/781.png","type":"IMAGE"},{"path":"symbols/750.png","type":"IMAGE"},{"path":"symbols/800.png","type":"IMAGE"},{"path":"symbols/774.png","type":"IMAGE"},{"path":"symbols/776.png","type":"IMAGE"},{"path":"symbols/792.png","type":"IMAGE"},{"path":"symbols/797.png","type":"IMAGE"},{"path":"symbols/796.png","type":"IMAGE"},{"path":"symbols/795.png","type":"IMAGE"},{"path":"symbols/794.png","type":"IMAGE"},{"path":"symbols/769.png","type":"IMAGE"},{"path":"symbols/771.png","type":"IMAGE"},{"path":"symbols/787.png","type":"IMAGE"},{"path":"symbols/764.png","type":"IMAGE"},{"path":"symbols/766.png","type":"IMAGE"},{"path":"symbols/812.png","type":"IMAGE"},{"path":"symbols/802.png","type":"IMAGE"},{"path":"symbols/789.png","type":"IMAGE"},{"path":"symbols/702.png","type":"IMAGE"},{"path":"symbols/733.png","type":"IMAGE"},{"path":"symbols/662.png","type":"IMAGE"},{"path":"symbols/664.png","type":"IMAGE"},{"path":"symbols/754.png","type":"IMAGE"},{"path":"symbols/756.png","type":"IMAGE"},{"path":"symbols/759.png","type":"IMAGE"},{"path":"symbols/739.png","type":"IMAGE"},{"path":"symbols/742.png","type":"IMAGE"},{"path":"symbols/745.png","type":"IMAGE"},{"path":"symbols/725.png","type":"IMAGE"},{"path":"symbols/731.png","type":"IMAGE"},{"path":"symbols/718.png","type":"IMAGE"},{"path":"symbols/713.png","type":"IMAGE"},{"path":"symbols/716.png","type":"IMAGE"},{"path":"symbols/761.png","type":"IMAGE"},{"path":"symbols/748.png","type":"IMAGE"},{"path":"symbols/736.png","type":"IMAGE"},{"path":"symbols/722.png","type":"IMAGE"},{"path":"symbols/673.png","type":"IMAGE"},{"path":"symbols/676.png","type":"IMAGE"},{"path":"symbols/679.png","type":"IMAGE"},{"path":"symbols/682.png","type":"IMAGE"},{"path":"symbols/685.png","type":"IMAGE"},{"path":"symbols/542.png","type":"IMAGE"},{"path":"symbols/545.png","type":"IMAGE"},{"path":"symbols/547.png","type":"IMAGE"},{"path":"symbols/549.png","type":"IMAGE"},{"path":"symbols/552.png","type":"IMAGE"},{"path":"symbols/551.png","type":"IMAGE"},{"path":"symbols/554.png","type":"IMAGE"},{"path":"symbols/556.png","type":"IMAGE"},{"path":"symbols/558.png","type":"IMAGE"},{"path":"symbols/560.png","type":"IMAGE"},{"path":"symbols/562.png","type":"IMAGE"},{"path":"symbols/564.png","type":"IMAGE"},{"path":"symbols/566.png","type":"IMAGE"},{"path":"symbols/568.png","type":"IMAGE"},{"path":"symbols/570.png","type":"IMAGE"},{"path":"symbols/572.png","type":"IMAGE"},{"path":"symbols/574.png","type":"IMAGE"},{"path":"symbols/576.png","type":"IMAGE"},{"path":"symbols/578.png","type":"IMAGE"},{"path":"symbols/580.png","type":"IMAGE"},{"path":"symbols/582.png","type":"IMAGE"},{"path":"symbols/584.png","type":"IMAGE"},{"path":"symbols/586.png","type":"IMAGE"},{"path":"symbols/588.png","type":"IMAGE"},{"path":"symbols/590.png","type":"IMAGE"},{"path":"symbols/592.png","type":"IMAGE"},{"path":"symbols/594.png","type":"IMAGE"},{"path":"symbols/596.png","type":"IMAGE"},{"path":"symbols/598.png","type":"IMAGE"},{"path":"symbols/600.png","type":"IMAGE"},{"path":"symbols/602.png","type":"IMAGE"},{"path":"symbols/604.png","type":"IMAGE"},{"path":"symbols/606.png","type":"IMAGE"},{"path":"symbols/608.png","type":"IMAGE"},{"path":"symbols/610.png","type":"IMAGE"},{"path":"symbols/612.png","type":"IMAGE"},{"path":"symbols/614.png","type":"IMAGE"},{"path":"symbols/616.png","type":"IMAGE"},{"path":"symbols/618.png","type":"IMAGE"},{"path":"symbols/620.png","type":"IMAGE"},{"path":"symbols/622.png","type":"IMAGE"},{"path":"symbols/624.png","type":"IMAGE"},{"path":"symbols/626.png","type":"IMAGE"},{"path":"symbols/628.png","type":"IMAGE"},{"path":"symbols/504.png","type":"IMAGE"},{"path":"symbols/507.png","type":"IMAGE"},{"path":"symbols/510.png","type":"IMAGE"},{"path":"symbols/514.png","type":"IMAGE"},{"path":"symbols/517.png","type":"IMAGE"},{"path":"symbols/520.png","type":"IMAGE"},{"path":"symbols/523.png","type":"IMAGE"},{"path":"symbols/528.png","type":"IMAGE"},{"path":"symbols/531.png","type":"IMAGE"},{"path":"symbols/535.png","type":"IMAGE"},{"path":"symbols/538.png","type":"IMAGE"},{"path":"symbols/425.png","type":"IMAGE"},{"path":"symbols/427.png","type":"IMAGE"},{"path":"symbols/419.png","type":"IMAGE"},{"path":"symbols/421.png","type":"IMAGE"},{"path":"symbols/413.png","type":"IMAGE"},{"path":"symbols/415.png","type":"IMAGE"},{"path":"symbols/407.png","type":"IMAGE"},{"path":"symbols/409.png","type":"IMAGE"},{"path":"symbols/37.png","type":"IMAGE"},{"path":"symbols/400.png","type":"IMAGE"},{"path":"symbols/6.png","type":"IMAGE"},{"path":"symbols/402.png","type":"IMAGE"},{"path":"symbols/18.png","type":"IMAGE"},{"path":"symbols/404.png","type":"IMAGE"},{"path":"symbols/379.png","type":"IMAGE"},{"path":"symbols/377.png","type":"IMAGE"},{"path":"symbols/62.png","type":"IMAGE"},{"path":"symbols/393.png","type":"IMAGE"},{"path":"symbols/392.png","type":"IMAGE"},{"path":"symbols/396.png","type":"IMAGE"},{"path":"symbols/395.png","type":"IMAGE"},{"path":"symbols/1.png","type":"IMAGE"},{"path":"symbols/387.png","type":"IMAGE"},{"path":"symbols/389.png","type":"IMAGE"},{"path":"symbols/110.png","type":"IMAGE"},{"path":"symbols/382.png","type":"IMAGE"},{"path":"symbols/384.png","type":"IMAGE"},{"path":"symbols/103.png","type":"IMAGE"},{"path":"symbols/106.png","type":"IMAGE"},{"path":"symbols/11.png","type":"IMAGE"},{"path":"symbols/10.png","type":"IMAGE"},{"path":"symbols/13.png","type":"IMAGE"},{"path":"symbols/368.png","type":"IMAGE"},{"path":"symbols/370.png","type":"IMAGE"},{"path":"symbols/372.png","type":"IMAGE"},{"path":"symbols/374.png","type":"IMAGE"},{"path":"symbols/303.png","type":"IMAGE"},{"path":"symbols/305.png","type":"IMAGE"},{"path":"symbols/307.png","type":"IMAGE"},{"path":"symbols/309.png","type":"IMAGE"},{"path":"symbols/311.png","type":"IMAGE"},{"path":"symbols/313.png","type":"IMAGE"},{"path":"symbols/315.png","type":"IMAGE"},{"path":"symbols/317.png","type":"IMAGE"},{"path":"symbols/319.png","type":"IMAGE"},{"path":"symbols/321.png","type":"IMAGE"},{"path":"symbols/323.png","type":"IMAGE"},{"path":"symbols/325.png","type":"IMAGE"},{"path":"symbols/327.png","type":"IMAGE"},{"path":"symbols/329.png","type":"IMAGE"},{"path":"symbols/331.png","type":"IMAGE"},{"path":"symbols/333.png","type":"IMAGE"},{"path":"symbols/335.png","type":"IMAGE"},{"path":"symbols/337.png","type":"IMAGE"},{"path":"symbols/339.png","type":"IMAGE"},{"path":"symbols/342.png","type":"IMAGE"},{"path":"symbols/341.png","type":"IMAGE"},{"path":"symbols/345.png","type":"IMAGE"},{"path":"symbols/344.png","type":"IMAGE"},{"path":"symbols/347.png","type":"IMAGE"},{"path":"symbols/349.png","type":"IMAGE"},{"path":"symbols/351.png","type":"IMAGE"},{"path":"symbols/353.png","type":"IMAGE"},{"path":"symbols/355.png","type":"IMAGE"},{"path":"symbols/357.png","type":"IMAGE"},{"path":"symbols/359.png","type":"IMAGE"},{"path":"symbols/361.png","type":"IMAGE"},{"path":"symbols/363.png","type":"IMAGE"},{"path":"symbols/365.png","type":"IMAGE"},{"path":"symbols/299.png","type":"IMAGE"},{"path":"symbols/270.png","type":"IMAGE"},{"path":"symbols/122.png","type":"IMAGE"},{"path":"symbols/273.png","type":"IMAGE"},{"path":"symbols/275.png","type":"IMAGE"},{"path":"symbols/124.png","type":"IMAGE"},{"path":"symbols/277.png","type":"IMAGE"},{"path":"symbols/22.png","type":"IMAGE"},{"path":"symbols/21.png","type":"IMAGE"},{"path":"symbols/20.png","type":"IMAGE"},{"path":"symbols/279.png","type":"IMAGE"},{"path":"symbols/115.png","type":"IMAGE"},{"path":"symbols/24.png","type":"IMAGE"},{"path":"symbols/27.png","type":"IMAGE"},{"path":"symbols/26.png","type":"IMAGE"},{"path":"symbols/29.png","type":"IMAGE"},{"path":"symbols/283.png","type":"IMAGE"},{"path":"symbols/285.png","type":"IMAGE"},{"path":"symbols/32.png","type":"IMAGE"},{"path":"symbols/31.png","type":"IMAGE"},{"path":"symbols/287.png","type":"IMAGE"},{"path":"symbols/48.png","type":"IMAGE"},{"path":"symbols/52.png","type":"IMAGE"},{"path":"symbols/56.png","type":"IMAGE"},{"path":"symbols/290.png","type":"IMAGE"},{"path":"symbols/34.png","type":"IMAGE"},{"path":"symbols/292.png","type":"IMAGE"},{"path":"symbols/294.png","type":"IMAGE"},{"path":"symbols/296.png","type":"IMAGE"},{"path":"symbols/112.png","type":"IMAGE"},{"path":"symbols/119.png","type":"IMAGE"},{"path":"symbols/3.png","type":"IMAGE"},{"path":"symbols/129.png","type":"IMAGE"},{"path":"symbols/131.png","type":"IMAGE"},{"path":"symbols/135.png","type":"IMAGE"},{"path":"symbols/94.png","type":"IMAGE"},{"path":"symbols/142.png","type":"IMAGE"},{"path":"symbols/146.png","type":"IMAGE"},{"path":"symbols/145.png","type":"IMAGE"},{"path":"symbols/156.png","type":"IMAGE"},{"path":"symbols/159.png","type":"IMAGE"},{"path":"symbols/165.png","type":"IMAGE"},{"path":"symbols/167.png","type":"IMAGE"},{"path":"symbols/169.png","type":"IMAGE"},{"path":"symbols/173.png","type":"IMAGE"},{"path":"symbols/181.png","type":"IMAGE"},{"path":"symbols/183.png","type":"IMAGE"},{"path":"symbols/185.png","type":"IMAGE"},{"path":"symbols/192.png","type":"IMAGE"},{"path":"symbols/198.png","type":"IMAGE"},{"path":"symbols/200.png","type":"IMAGE"},{"path":"symbols/202.png","type":"IMAGE"},{"path":"symbols/204.png","type":"IMAGE"},{"path":"symbols/206.png","type":"IMAGE"},{"path":"symbols/208.png","type":"IMAGE"},{"path":"symbols/210.png","type":"IMAGE"},{"path":"symbols/212.png","type":"IMAGE"},{"path":"symbols/214.png","type":"IMAGE"},{"path":"symbols/216.png","type":"IMAGE"},{"path":"symbols/218.png","type":"IMAGE"},{"path":"symbols/220.png","type":"IMAGE"},{"path":"symbols/222.png","type":"IMAGE"},{"path":"symbols/225.png","type":"IMAGE"},{"path":"symbols/224.png","type":"IMAGE"},{"path":"symbols/228.png","type":"IMAGE"},{"path":"symbols/230.png","type":"IMAGE"},{"path":"symbols/233.png","type":"IMAGE"},{"path":"symbols/236.png","type":"IMAGE"},{"path":"symbols/240.png","type":"IMAGE"},{"path":"symbols/243.png","type":"IMAGE"},{"path":"symbols/245.png","type":"IMAGE"},{"path":"symbols/247.png","type":"IMAGE"},{"path":"symbols/249.png","type":"IMAGE"},{"path":"symbols/252.png","type":"IMAGE"},{"path":"symbols/254.png","type":"IMAGE"},{"path":"symbols/256.png","type":"IMAGE"},{"path":"symbols/258.png","type":"IMAGE"},{"path":"symbols/260.png","type":"IMAGE"},{"path":"symbols/262.png","type":"IMAGE"},{"path":"symbols/266.png","type":"IMAGE"},{"path":"symbols/99.png","type":"IMAGE"},{"path":"symbols/96.png","type":"IMAGE"},{"path":"symbols/89.png","type":"IMAGE"},{"path":"symbols/91.png","type":"IMAGE"},{"path":"symbols/84.png","type":"IMAGE"},{"path":"symbols/86.png","type":"IMAGE"},{"path":"symbols/79.png","type":"IMAGE"},{"path":"symbols/81.png","type":"IMAGE"},{"path":"symbols/74.png","type":"IMAGE"},{"path":"symbols/76.png","type":"IMAGE"},{"path":"symbols/40.png","type":"IMAGE"},{"path":"symbols/44.png","type":"IMAGE"},{"path":"symbols/46.png","type":"IMAGE"},{"path":"symbols/50.png","type":"IMAGE"},{"path":"symbols/58.png","type":"IMAGE"},{"path":"symbols/60.png","type":"IMAGE"},{"path":"symbols/65.png","type":"IMAGE"},{"path":"symbols/69.png","type":"IMAGE"},{"path":"symbols/71.png","type":"IMAGE"},{"path":"symbols/16.png","type":"IMAGE"},{"path":"symbols/15.png","type":"IMAGE"},{"path":"data.json","type":"TEXT"}],"rootPath":null,"version":3,"libraryArgs":["data.json","Xdia1cFVIWmmRqlwD1ci"],"libraryType":"swf.exporters.animate.AnimateLibrary"}