{"root":0,"uuid":"VGGzeT4dqooJKPRDmvPI","version":0.1,"symbols":[{"type":5,"frames":[{},{},{},{},{},{},{},{},{},{},{},{},{},{},{},{},{},{},{},{},{},{},{},{},{},{}]},{"type":5,"id":111,"frames":[{"objects":[{"type":0,"depth":0,"symbol":110,"clipDepth":0,"id":0,"visible":true,"matrix":[4,0,0,4,-240,-720]}]}]},{"path":"symbols/110.png","type":0,"id":110,"smooth":false},{"type":5,"className":"msingDOWN","baseClassName":null,"id":109,"frames":[{"objects":[{"name":null,"type":0,"depth":1,"symbol":71,"clipDepth":0,"id":0,"matrix":[1.03024291992188,0,0,0.9490966796875,565,2971]},{"name":null,"type":0,"depth":2,"symbol":74,"clipDepth":0,"id":1,"matrix":[1.03024291992188,0,0,0.9490966796875,575,3650]},{"name":null,"type":0,"depth":4,"symbol":76,"clipDepth":0,"id":2,"matrix":[1.03024291992188,0,0,0.9490966796875,565,2971]},{"name":null,"type":0,"depth":5,"symbol":12,"clipDepth":0,"id":3,"matrix":[0.975082397460938,-0.20751953125,0.20751953125,0.975082397460938,364,1718]},{"name":null,"type":0,"depth":6,"symbol":78,"clipDepth":0,"id":4,"matrix":[0.992111206054688,-0.125244140625,0.125244140625,0.992111206054688,728,1685]},{"name":null,"type":0,"depth":7,"symbol":58,"clipDepth":0,"id":5,"matrix":[0.952621459960938,0.291412353515625,-0.291412353515625,0.952621459960938,394,3822]},{"name":null,"type":0,"depth":8,"symbol":81,"clipDepth":0,"id":6,"matrix":[0.647979736328125,-0.686065673828125,0.641036987304688,0.47906494140625,3317,2952]},{"name":null,"type":0,"depth":10,"symbol":84,"clipDepth":0,"id":7,"matrix":[0.958984375,0.28314208984375,-0.28314208984375,0.958984375,2981,889]}]},{"objects":[{"name":null,"type":0,"depth":1,"symbol":106,"clipDepth":0,"id":16,"matrix":[1,0,0,1,0,0]},{"type":2,"id":6},{"type":2,"id":5},{"type":2,"id":4},{"type":2,"id":3},{"type":2,"id":2},{"type":2,"id":1},{"type":2,"id":0},{"type":2,"id":7}]},{"objects":[{"name":null,"type":0,"depth":1,"symbol":108,"clipDepth":0,"id":18,"matrix":[1,0,0,1,0,0]},{"type":2,"id":16}]},{},{},{},{},{},{},{},{},{},{},{},{}]},{"type":5,"id":108,"frames":[{"objects":[{"type":0,"depth":0,"symbol":107,"clipDepth":0,"id":0,"visible":true,"matrix":[4,0,0,4,320,374]}]}]},{"path":"symbols/107.png","type":0,"id":107,"smooth":false},{"type":5,"id":106,"frames":[{"objects":[{"type":0,"depth":0,"symbol":105,"clipDepth":0,"id":0,"visible":true,"matrix":[4,0,0,4,400,294]}]}]},{"path":"symbols/105.png","type":0,"id":105,"smooth":false},{"type":5,"className":"msingLEFT","baseClassName":null,"id":104,"frames":[{"objects":[{"name":null,"type":0,"depth":1,"symbol":8,"clipDepth":0,"id":0,"matrix":[1,0,0.281005859375,1,214,4003]},{"name":null,"type":0,"depth":2,"symbol":12,"clipDepth":0,"id":1,"matrix":[0.972946166992188,0.22918701171875,-0.22918701171875,0.972946166992188,1214,407]},{"name":null,"type":0,"depth":3,"symbol":56,"clipDepth":0,"id":2,"matrix":[0.969757080078125,0.24395751953125,-0.24395751953125,0.969757080078125,2043,2015]},{"name":null,"type":0,"depth":4,"symbol":58,"clipDepth":0,"id":3,"matrix":[0.957061767578125,0.284149169921875,-0.284149169921875,0.957061767578125,376,3357]},{"name":null,"type":0,"depth":5,"symbol":61,"clipDepth":0,"id":4,"matrix":[0.989166259765625,0.146713256835938,-0.45867919921875,0.942855834960938,5375,3282]},{"name":null,"type":0,"depth":7,"symbol":64,"clipDepth":0,"id":5,"matrix":[0.932662963867188,0.360687255859375,-0.360687255859375,0.932662963867188,4672,2871]}]},{"objects":[{"name":null,"type":0,"depth":1,"symbol":101,"clipDepth":0,"id":12,"matrix":[1,0,0,1,0,0]},{"type":2,"id":5},{"type":2,"id":4},{"type":2,"id":3},{"type":2,"id":2},{"type":2,"id":1},{"type":2,"id":0}]},{"objects":[{"name":null,"type":0,"depth":1,"symbol":103,"clipDepth":0,"id":14,"matrix":[1,0,0,1,0,0]},{"type":2,"id":12}]},{},{},{},{},{},{},{},{},{},{},{},{}]},{"type":5,"id":103,"frames":[{"objects":[{"type":0,"depth":0,"symbol":102,"clipDepth":0,"id":0,"visible":true,"matrix":[4,0,0,4,811,602]}]}]},{"path":"symbols/102.png","type":0,"id":102,"smooth":false},{"type":5,"id":101,"frames":[{"objects":[{"type":0,"depth":0,"symbol":100,"clipDepth":0,"id":0,"visible":true,"matrix":[4,0,0,4,811,522]}]}]},{"path":"symbols/100.png","type":0,"id":100,"smooth":false},{"type":5,"className":"msingRIGHT","baseClassName":null,"id":99,"frames":[{"objects":[{"name":null,"type":0,"depth":1,"symbol":8,"clipDepth":0,"id":0,"matrix":[1,0,-0.25567626953125,1,1268,4298]},{"name":null,"type":0,"depth":2,"symbol":45,"clipDepth":0,"id":1,"matrix":[0.88812255859375,-0.460205078125,0.4376220703125,0.89910888671875,4412,2683]},{"name":null,"type":0,"depth":4,"symbol":47,"clipDepth":0,"id":2,"matrix":[0.95050048828125,-0.377853393554688,0.55694580078125,0.82977294921875,2922,4930]},{"name":null,"type":0,"depth":5,"symbol":12,"clipDepth":0,"id":3,"matrix":[0.950668334960938,-0.30523681640625,0.30523681640625,0.950668334960938,819,2334]},{"name":null,"type":0,"depth":6,"symbol":49,"clipDepth":0,"id":4,"matrix":[0.93511962890625,-0.354217529296875,0.354217529296875,0.93511962890625,2698,3636]}]},{"objects":[{"name":null,"type":0,"depth":1,"symbol":96,"clipDepth":0,"id":10,"matrix":[1,0,0,1,0,0]},{"type":2,"id":4},{"type":2,"id":3},{"type":2,"id":2},{"type":2,"id":1},{"type":2,"id":0}]},{"objects":[{"name":null,"type":0,"depth":1,"symbol":98,"clipDepth":0,"id":12,"matrix":[1,0,0,1,0,0]},{"type":2,"id":10}]},{},{},{},{},{},{},{},{},{},{},{},{}]},{"type":5,"id":98,"frames":[{"objects":[{"type":0,"depth":0,"symbol":97,"clipDepth":0,"id":0,"visible":true,"matrix":[4,0,0,4,200,257]}]}]},{"path":"symbols/97.png","type":0,"id":97,"smooth":false},{"type":5,"id":96,"frames":[{"objects":[{"type":0,"depth":0,"symbol":95,"clipDepth":0,"id":0,"visible":true,"matrix":[4,0,0,4,280,177]}]}]},{"path":"symbols/95.png","type":0,"id":95,"smooth":false},{"type":5,"className":"msingUP","baseClassName":null,"id":94,"frames":[{"objects":[{"name":null,"type":0,"depth":1,"symbol":29,"clipDepth":0,"id":0,"matrix":[0.896209716796875,0.44256591796875,-0.44256591796875,0.896209716796875,876,2715]},{"name":null,"type":0,"depth":2,"symbol":31,"clipDepth":0,"id":1,"matrix":[0.98626708984375,0,0,1.01979064941406,1208,5191]},{"name":null,"type":0,"depth":3,"symbol":35,"clipDepth":0,"id":2,"matrix":[0.966156005859375,0.257858276367188,-0.257858276367188,0.966156005859375,5847,4083]},{"name":null,"type":0,"depth":6,"symbol":12,"clipDepth":0,"id":3,"matrix":[0.905807495117188,0.41973876953125,-0.41973876953125,0.905807495117188,3633,396]},{"name":null,"type":0,"depth":7,"symbol":37,"clipDepth":0,"id":4,"matrix":[0.905807495117188,0.41973876953125,-0.41973876953125,0.905807495117188,3633,243]},{"name":null,"type":0,"depth":8,"symbol":4,"clipDepth":0,"id":5,"matrix":[0.831710815429688,-0.5523681640625,0.5523681640625,0.831710815429688,-377,4580]}]},{"objects":[{"name":null,"type":0,"depth":1,"symbol":91,"clipDepth":0,"id":12,"matrix":[1,0,0,1,0,0]},{"type":2,"id":5},{"type":2,"id":4},{"type":2,"id":3},{"type":2,"id":2},{"type":2,"id":1},{"type":2,"id":0}]},{"objects":[{"name":null,"type":0,"depth":1,"symbol":93,"clipDepth":0,"id":14,"matrix":[1,0,0,1,0,0]},{"type":2,"id":12}]},{},{},{},{},{},{},{},{},{},{},{},{}]},{"type":5,"id":93,"frames":[{"objects":[{"type":0,"depth":0,"symbol":92,"clipDepth":0,"id":0,"visible":true,"matrix":[4,0,0,4,352,1232]}]}]},{"path":"symbols/92.png","type":0,"id":92,"smooth":false},{"type":5,"id":91,"frames":[{"objects":[{"type":0,"depth":0,"symbol":90,"clipDepth":0,"id":0,"visible":true,"matrix":[4,0,0,4,432,1152]}]}]},{"path":"symbols/90.png","type":0,"id":90,"smooth":false},{"type":5,"className":"singDOWN","baseClassName":null,"id":89,"frames":[{"objects":[{"name":null,"type":0,"depth":1,"symbol":71,"clipDepth":0,"id":0,"matrix":[1.03024291992188,0,0,0.9490966796875,999,3234]},{"name":null,"type":0,"depth":2,"symbol":74,"clipDepth":0,"id":1,"matrix":[1.03024291992188,0,0,0.9490966796875,1009,3913]},{"name":null,"type":0,"depth":4,"symbol":76,"clipDepth":0,"id":2,"matrix":[1.03024291992188,0,0,0.9490966796875,999,3234]},{"name":null,"type":0,"depth":5,"symbol":12,"clipDepth":0,"id":3,"matrix":[0.975082397460938,-0.20751953125,0.20751953125,0.975082397460938,798,1981]},{"name":null,"type":0,"depth":6,"symbol":78,"clipDepth":0,"id":4,"matrix":[0.992111206054688,-0.125244140625,0.125244140625,0.992111206054688,1162,1948]},{"name":null,"type":0,"depth":7,"symbol":58,"clipDepth":0,"id":5,"matrix":[0.95263671875,0.291412353515625,-0.291412353515625,0.95263671875,828,4085]},{"name":null,"type":0,"depth":8,"symbol":81,"clipDepth":0,"id":6,"matrix":[0.647979736328125,-0.686065673828125,0.641036987304688,0.47906494140625,3751,3215]},{"name":null,"type":0,"depth":10,"symbol":84,"clipDepth":0,"id":7,"matrix":[0.958984375,0.28314208984375,-0.28314208984375,0.958984375,3415,1152]}]},{},{"objects":[{"name":null,"type":1,"depth":1,"symbol":71,"clipDepth":0,"id":0,"matrix":[0.9503173828125,0,0,1.04888916015625,1291,2720]},{"name":null,"type":1,"depth":2,"symbol":74,"clipDepth":0,"id":1,"matrix":[0.925628662109375,-0.0569000244140625,0,1.04888916015625,1433,3416]},{"name":null,"type":1,"depth":4,"symbol":76,"clipDepth":0,"id":2,"matrix":[0.9503173828125,0,0,1.04888916015625,1291,2720]},{"name":null,"type":1,"depth":5,"symbol":12,"clipDepth":0,"id":3,"matrix":[0.982635498046875,-0.168975830078125,0.168975830078125,0.982635498046875,918,1474]},{"name":null,"type":0,"depth":6,"symbol":86,"clipDepth":0,"id":14,"matrix":[0.994552612304688,-0.104232788085938,0.104232788085938,0.994552612304688,1194,1472]},{"name":null,"type":1,"depth":7,"symbol":58,"clipDepth":0,"id":5,"matrix":[0.884429931640625,0.458908081054688,-0.458908081054688,0.884429931640625,818,3350]},{"name":null,"type":1,"depth":8,"symbol":81,"clipDepth":0,"id":6,"matrix":[0.7237548828125,-0.605575561523438,0.605575561523438,0.7237548828125,3788,1982]},{"name":null,"type":1,"depth":10,"symbol":84,"clipDepth":0,"id":7,"matrix":[0.992523193359375,0.12109375,-0.12109375,0.992523193359375,3411,663]},{"type":2,"id":4}]},{},{"objects":[{"name":null,"type":1,"depth":1,"symbol":71,"clipDepth":0,"id":0,"matrix":[0.978805541992188,0,0,1.01239013671875,1179,2901]},{"name":null,"type":1,"depth":2,"symbol":74,"clipDepth":0,"id":1,"matrix":[0.953384399414062,-0.054931640625,0,1.01239013671875,1325,3573]},{"name":null,"type":1,"depth":4,"symbol":76,"clipDepth":0,"id":2,"matrix":[0.978805541992188,0,0,1.01239013671875,1179,2901]},{"name":null,"type":1,"depth":5,"symbol":12,"clipDepth":0,"id":3,"matrix":[0.996078491210938,-0.044342041015625,0.044342041015625,0.996078491210938,1280,1075]},{"name":null,"type":0,"depth":6,"symbol":88,"clipDepth":0,"id":24,"matrix":[0.999755859375,0.021392822265625,-0.021392822265625,0.999755859375,1494,641]},{"name":null,"type":1,"depth":7,"symbol":58,"clipDepth":0,"id":5,"matrix":[0.947509765625,0.308273315429688,-0.308273315429688,0.947509765625,657,3372]},{"name":null,"type":1,"depth":8,"symbol":81,"clipDepth":0,"id":6,"matrix":[0.7894287109375,-0.517059326171875,0.517059326171875,0.7894287109375,4076,1919]},{"name":null,"type":1,"depth":10,"symbol":84,"clipDepth":0,"id":7,"matrix":[0.86077880859375,0.5087890625,-0.5087890625,0.86077880859375,4272,82]},{"type":2,"id":14}]},{},{"objects":[{"name":null,"type":1,"depth":1,"symbol":71,"clipDepth":0,"id":0,"matrix":[1,0,0,1,1104,2967]},{"name":null,"type":1,"depth":2,"symbol":74,"clipDepth":0,"id":1,"matrix":[0.974029541015625,-0.05426025390625,0,1,1254,3631]},{"name":null,"type":1,"depth":4,"symbol":76,"clipDepth":0,"id":2,"matrix":[1,0,0,1,1104,2967]},{"name":null,"type":1,"depth":5,"symbol":12,"clipDepth":0,"id":3,"matrix":[0.994903564453125,-0.065643310546875,0.065643310546875,0.994903564453125,1213,1159]},{"name":null,"type":1,"depth":6,"symbol":88,"clipDepth":0,"id":24,"matrix":[1,0,0,1,1471,906]},{"name":null,"type":1,"depth":7,"symbol":58,"clipDepth":0,"id":5,"matrix":[0.956268310546875,0.279953002929688,-0.279953002929688,0.956268310546875,647,3441]},{"name":null,"type":1,"depth":8,"symbol":81,"clipDepth":0,"id":6,"matrix":[0.804718017578125,-0.492919921875,0.492919921875,0.804718017578125,4173,1910]},{"name":null,"type":1,"depth":10,"symbol":84,"clipDepth":0,"id":7,"matrix":[0.89947509765625,0.4366455078125,-0.4366455078125,0.89947509765625,4246,247]}]},{},{"objects":[{"name":null,"type":1,"depth":1,"symbol":71,"clipDepth":0,"id":0,"matrix":[1.0050048828125,0,0,0.99774169921875,1088,2984]},{"name":null,"type":1,"depth":2,"symbol":74,"clipDepth":0,"id":1,"matrix":[0.978897094726562,-0.0541229248046875,0,0.99774169921875,1238,3646]},{"name":null,"type":1,"depth":4,"symbol":76,"clipDepth":0,"id":2,"matrix":[1.0050048828125,0,0,0.99774169921875,1088,2984]},{"name":null,"type":1,"depth":5,"symbol":12,"clipDepth":0,"id":3,"matrix":[0.994354248046875,-0.073394775390625,0.073394775390625,0.994354248046875,1190,1208]},{"name":null,"type":1,"depth":6,"symbol":88,"clipDepth":0,"id":24,"matrix":[0.999969482421875,-0.0077972412109375,0.0077972412109375,0.999969482421875,1447,981]},{"name":null,"type":1,"depth":7,"symbol":58,"clipDepth":0,"id":5,"matrix":[0.966110229492188,0.243743896484375,-0.243743896484375,0.966110229492188,611,3543]},{"name":null,"type":1,"depth":8,"symbol":81,"clipDepth":0,"id":6,"matrix":[0.804718017578125,-0.492919921875,0.492919921875,0.804718017578125,4173,1928]},{"name":null,"type":1,"depth":10,"symbol":84,"clipDepth":0,"id":7,"matrix":[0.9178466796875,0.39654541015625,-0.39654541015625,0.9178466796875,4180,336]}]},{},{},{},{},{},{},{},{},{},{},{},{},{},{},{},{},{},{},{},{},{}]},{"type":5,"id":88,"frames":[{"objects":[{"type":0,"depth":0,"symbol":87,"clipDepth":0,"id":0,"visible":true,"matrix":[4,0,0,4,1200,240]}]}]},{"path":"symbols/87.png","type":0,"id":87,"smooth":false},{"type":5,"id":86,"frames":[{"objects":[{"type":0,"depth":0,"symbol":85,"clipDepth":0,"id":0,"visible":true,"matrix":[4,0,0,4,1280,240]}]}]},{"path":"symbols/85.png","type":0,"id":85,"smooth":false},{"type":5,"id":84,"frames":[{"objects":[{"name":null,"type":0,"depth":1,"symbol":83,"clipDepth":0,"id":0,"matrix":[1,0,0,1,0,0]}]}]},{"type":5,"id":83,"frames":[{"objects":[{"type":0,"depth":0,"symbol":82,"clipDepth":0,"id":0,"visible":true,"matrix":[4,0,0,4,0,0]}]}]},{"path":"symbols/82.png","type":0,"id":82,"smooth":false},{"type":5,"id":81,"frames":[{"objects":[{"name":null,"type":0,"depth":1,"symbol":80,"clipDepth":0,"id":0,"matrix":[1,0,0,1,0,0]}]}]},{"type":5,"id":80,"frames":[{"objects":[{"type":0,"depth":0,"symbol":79,"clipDepth":0,"id":0,"visible":true,"matrix":[4,0,0,4,80,80]}]}]},{"path":"symbols/79.png","type":0,"id":79,"smooth":false},{"type":5,"id":78,"frames":[{"objects":[{"type":0,"depth":0,"symbol":77,"clipDepth":0,"id":0,"visible":true,"matrix":[4,0,0,4,1440,320]}]}]},{"path":"symbols/77.png","type":0,"id":77,"smooth":false},{"type":5,"id":76,"frames":[{"objects":[{"type":0,"depth":0,"symbol":75,"clipDepth":0,"id":0,"visible":true,"matrix":[4,0,0,4,1840,-60]}]}]},{"path":"symbols/75.png","type":0,"id":75,"smooth":false},{"type":5,"id":74,"frames":[{"objects":[{"name":null,"type":0,"depth":1,"symbol":73,"clipDepth":0,"id":0,"matrix":[1,0,0,1,0,0]}]}]},{"type":5,"id":73,"frames":[{"objects":[{"type":0,"depth":0,"symbol":72,"clipDepth":0,"id":0,"visible":true,"matrix":[4,0,0,4,80,0]}]}]},{"path":"symbols/72.png","type":0,"id":72,"smooth":false},{"type":5,"id":71,"frames":[{"objects":[{"type":0,"depth":0,"symbol":70,"clipDepth":0,"id":0,"visible":true,"matrix":[4,0,0,4,-400,1520]}]}]},{"path":"symbols/70.png","type":0,"id":70,"smooth":false},{"type":5,"className":"singLEFT","baseClassName":null,"id":69,"frames":[{"objects":[{"name":null,"type":0,"depth":1,"symbol":8,"clipDepth":0,"id":0,"matrix":[1,0,0.281005859375,1,214,4003]},{"name":null,"type":0,"depth":2,"symbol":12,"clipDepth":0,"id":1,"matrix":[0.972946166992188,0.22918701171875,-0.22918701171875,0.972946166992188,1214,407]},{"name":null,"type":0,"depth":3,"symbol":56,"clipDepth":0,"id":2,"matrix":[0.969757080078125,0.24395751953125,-0.24395751953125,0.969757080078125,2043,2015]},{"name":null,"type":0,"depth":4,"symbol":58,"clipDepth":0,"id":3,"matrix":[0.957061767578125,0.284149169921875,-0.284149169921875,0.957061767578125,376,3357]},{"name":null,"type":0,"depth":5,"symbol":61,"clipDepth":0,"id":4,"matrix":[0.989166259765625,0.146713256835938,-0.45867919921875,0.94287109375,5375,3282]},{"name":null,"type":0,"depth":7,"symbol":64,"clipDepth":0,"id":5,"matrix":[0.932662963867188,0.360687255859375,-0.360687255859375,0.932662963867188,4672,2871]}]},{},{"objects":[{"name":null,"type":1,"depth":1,"symbol":8,"clipDepth":0,"id":0,"matrix":[1.0240478515625,0,0.21197509765625,0.97991943359375,453,4103]},{"name":null,"type":1,"depth":2,"symbol":12,"clipDepth":0,"id":1,"matrix":[0.996261596679688,0.083160400390625,-0.083160400390625,0.996261596679688,1650,889]},{"name":null,"type":0,"depth":3,"symbol":66,"clipDepth":0,"id":10,"matrix":[0.994247436523438,0.10675048828125,-0.10675048828125,0.994247436523438,3225,2326]},{"name":null,"type":1,"depth":4,"symbol":58,"clipDepth":0,"id":3,"matrix":[0.99456787109375,0.0908966064453125,-0.0908966064453125,0.99456787109375,679,3707]},{"name":null,"type":1,"depth":5,"symbol":61,"clipDepth":0,"id":4,"matrix":[0.99993896484375,0.0090484619140625,-0.0090484619140625,0.99993896484375,5274,3503]},{"name":null,"type":1,"depth":7,"symbol":64,"clipDepth":0,"id":5,"matrix":[0.86669921875,0.498703002929688,-0.498703002929688,0.86669921875,6279,3359]},{"type":2,"id":2}]},{},{"objects":[{"name":null,"type":1,"depth":1,"symbol":8,"clipDepth":0,"id":0,"matrix":[1.00750732421875,0,0.18756103515625,0.989059448242188,629,4058]},{"name":null,"type":1,"depth":2,"symbol":12,"clipDepth":0,"id":1,"matrix":[0.99871826171875,0.044189453125,-0.044189453125,0.99871826171875,1602,954]},{"name":null,"type":0,"depth":3,"symbol":68,"clipDepth":0,"id":18,"matrix":[0.997650146484375,0.067840576171875,-0.067840576171875,0.997650146484375,3115,2390]},{"name":null,"type":1,"depth":4,"symbol":58,"clipDepth":0,"id":3,"matrix":[0.964950561523438,0.257492065429688,-0.257492065429688,0.964950561523438,1115,3262]},{"name":null,"type":1,"depth":5,"symbol":61,"clipDepth":0,"id":4,"matrix":[0.99835205078125,0.056854248046875,-0.056854248046875,0.99835205078125,5495,3421]},{"name":null,"type":1,"depth":7,"symbol":64,"clipDepth":0,"id":5,"matrix":[0.871368408203125,0.490478515625,-0.490478515625,0.871368408203125,6801,3292]},{"type":2,"id":10}]},{},{"objects":[{"name":null,"type":1,"depth":1,"symbol":8,"clipDepth":0,"id":0,"matrix":[1.00750732421875,0,0.199493408203125,0.989059448242188,570,4058]},{"name":null,"type":1,"depth":2,"symbol":12,"clipDepth":0,"id":1,"matrix":[0.99786376953125,0.06072998046875,-0.06072998046875,0.99786376953125,1579,893]},{"name":null,"type":1,"depth":3,"symbol":68,"clipDepth":0,"id":18,"matrix":[0.996383666992188,0.0843505859375,-0.0843505859375,0.996383666992188,2978,2339]},{"name":null,"type":1,"depth":4,"symbol":58,"clipDepth":0,"id":3,"matrix":[0.958114624023438,0.28179931640625,-0.28179931640625,0.958114624023438,1103,3197]},{"name":null,"type":1,"depth":5,"symbol":61,"clipDepth":0,"id":4,"matrix":[0.99835205078125,0.056854248046875,-0.056854248046875,0.99835205078125,5456,3421]},{"name":null,"type":1,"depth":7,"symbol":64,"clipDepth":0,"id":5,"matrix":[0.90869140625,0.417327880859375,-0.417327880859375,0.90869140625,6596,3219]}]},{},{"objects":[{"name":null,"type":1,"depth":2,"symbol":12,"clipDepth":0,"id":1,"matrix":[0.997344970703125,0.0684967041015625,-0.0684967041015625,0.997344970703125,1605,866]},{"name":null,"type":1,"depth":3,"symbol":68,"clipDepth":0,"id":18,"matrix":[0.99566650390625,0.09210205078125,-0.09210205078125,0.99566650390625,2954,2283]},{"name":null,"type":1,"depth":4,"symbol":58,"clipDepth":0,"id":3,"matrix":[0.95574951171875,0.28961181640625,-0.28961181640625,0.95574951171875,1092,3210]},{"name":null,"type":1,"depth":5,"symbol":61,"clipDepth":0,"id":4,"matrix":[0.99835205078125,0.056854248046875,-0.056854248046875,0.99835205078125,5434,3421]},{"name":null,"type":1,"depth":7,"symbol":64,"clipDepth":0,"id":5,"matrix":[0.9189453125,0.394195556640625,-0.394195556640625,0.9189453125,6482,3208]}]},{},{},{},{},{},{}]},{"type":5,"id":68,"frames":[{"objects":[{"type":0,"depth":0,"symbol":67,"clipDepth":0,"id":0,"visible":true,"matrix":[4,0,0,4,-320,-560]}]}]},{"path":"symbols/67.png","type":0,"id":67,"smooth":false},{"type":5,"id":66,"frames":[{"objects":[{"type":0,"depth":0,"symbol":65,"clipDepth":0,"id":0,"visible":true,"matrix":[4,0,0,4,-400,-320]}]}]},{"path":"symbols/65.png","type":0,"id":65,"smooth":false},{"type":5,"id":64,"frames":[{"objects":[{"name":null,"type":0,"depth":1,"symbol":63,"clipDepth":0,"id":0,"matrix":[1,0,0,1,0,0]}]}]},{"type":5,"id":63,"frames":[{"objects":[{"type":0,"depth":0,"symbol":62,"clipDepth":0,"id":0,"visible":true,"matrix":[4,0,0,4,0,0]}]}]},{"path":"symbols/62.png","type":0,"id":62,"smooth":false},{"type":5,"id":61,"frames":[{"objects":[{"name":null,"type":0,"depth":1,"symbol":60,"clipDepth":0,"id":0,"matrix":[1,0,0,1,0,0]}]}]},{"type":5,"id":60,"frames":[{"objects":[{"type":0,"depth":0,"symbol":59,"clipDepth":0,"id":0,"visible":true,"matrix":[4,0,0,4,0,0]}]}]},{"path":"symbols/59.png","type":0,"id":59,"smooth":false},{"type":5,"id":58,"frames":[{"objects":[{"type":0,"depth":0,"symbol":57,"clipDepth":0,"id":0,"visible":true,"matrix":[4,0,0,4,320,80]}]}]},{"path":"symbols/57.png","type":0,"id":57,"smooth":false},{"type":5,"id":56,"frames":[{"objects":[{"type":0,"depth":0,"symbol":55,"clipDepth":0,"id":0,"visible":true,"matrix":[4,0,0,4,-80,-720]}]}]},{"path":"symbols/55.png","type":0,"id":55,"smooth":false},{"type":5,"className":"singRIGHT","baseClassName":null,"id":54,"frames":[{"objects":[{"name":null,"type":0,"depth":1,"symbol":8,"clipDepth":0,"id":0,"matrix":[1,0,-0.25567626953125,1,1273,4316]},{"name":null,"type":0,"depth":2,"symbol":45,"clipDepth":0,"id":1,"matrix":[0.88812255859375,-0.460205078125,0.4376220703125,0.89910888671875,4417,2701]},{"name":null,"type":0,"depth":4,"symbol":47,"clipDepth":0,"id":2,"matrix":[0.95050048828125,-0.377853393554688,0.55694580078125,0.82977294921875,2927,4948]},{"name":null,"type":0,"depth":5,"symbol":12,"clipDepth":0,"id":3,"matrix":[0.950668334960938,-0.30523681640625,0.30523681640625,0.950668334960938,824,2352]},{"name":null,"type":0,"depth":6,"symbol":49,"clipDepth":0,"id":4,"matrix":[0.93511962890625,-0.354217529296875,0.354217529296875,0.93511962890625,2703,3654]}]},{},{"objects":[{"name":null,"type":1,"depth":1,"symbol":8,"clipDepth":0,"id":0,"matrix":[0.98358154296875,0,-0.168869018554688,1.00924682617188,915,4272]},{"name":null,"type":1,"depth":2,"symbol":45,"clipDepth":0,"id":1,"matrix":[0.9473876953125,-0.3199462890625,0.3199462890625,0.9473876953125,4553,2719]},{"name":null,"type":1,"depth":4,"symbol":47,"clipDepth":0,"id":2,"matrix":[0.95635986328125,-0.30120849609375,0.37493896484375,0.926559448242188,2858,4800]},{"name":null,"type":1,"depth":5,"symbol":12,"clipDepth":0,"id":3,"matrix":[0.962127685546875,-0.2681884765625,0.2681884765625,0.962127685546875,841,2101]},{"name":null,"type":0,"depth":6,"symbol":51,"clipDepth":0,"id":11,"matrix":[0.946624755859375,-0.32220458984375,0.32220458984375,0.946624755859375,2520,3412]},{"type":2,"id":4}]},{},{"objects":[{"name":null,"type":1,"depth":1,"symbol":8,"clipDepth":0,"id":0,"matrix":[1.00798034667969,0,-0.14459228515625,1.0030517578125,717,4302]},{"name":null,"type":1,"depth":2,"symbol":45,"clipDepth":0,"id":1,"matrix":[0.998748779296875,0.048797607421875,-0.048797607421875,0.998748779296875,4815,2572]},{"name":null,"type":1,"depth":4,"symbol":47,"clipDepth":0,"id":2,"matrix":[0.999542236328125,-0.00494384765625,0.00494384765625,0.999542236328125,2145,4657]},{"name":null,"type":1,"depth":5,"symbol":12,"clipDepth":0,"id":3,"matrix":[0.998779296875,0.0023193359375,-0.0023193359375,0.998779296875,1082,1170]},{"name":null,"type":0,"depth":6,"symbol":53,"clipDepth":0,"id":18,"matrix":[0.99847412109375,-0.0538482666015625,0.0538482666015625,0.99847412109375,2277,2748]},{"type":2,"id":11}]},{},{"objects":[{"name":null,"type":1,"depth":1,"symbol":8,"clipDepth":0,"id":0,"matrix":[1.00798034667969,0,-0.1270751953125,1.0030517578125,630,4302]},{"name":null,"type":1,"depth":2,"symbol":45,"clipDepth":0,"id":1,"matrix":[0.999786376953125,0.0175628662109375,-0.0175628662109375,0.999786376953125,4647,2647]},{"name":null,"type":1,"depth":4,"symbol":47,"clipDepth":0,"id":2,"matrix":[0.999313354492188,0.0215911865234375,-0.0164337158203125,0.9993896484375,2002,4548]},{"name":null,"type":1,"depth":5,"symbol":12,"clipDepth":0,"id":3,"matrix":[0.998397827148438,0.0275726318359375,-0.0275726318359375,0.998397827148438,1062,1031]},{"name":null,"type":1,"depth":6,"symbol":53,"clipDepth":0,"id":18,"matrix":[0.99951171875,-0.028564453125,0.028564453125,0.99951171875,2209,2571]}]},{},{"objects":[{"name":null,"type":1,"depth":1,"symbol":8,"clipDepth":0,"id":0,"matrix":[1.00798034667969,0,-0.130477905273438,1.0030517578125,647,4302]},{"name":null,"type":1,"depth":2,"symbol":45,"clipDepth":0,"id":1,"matrix":[0.999847412109375,0.012908935546875,-0.012908935546875,0.999847412109375,4656,2630]},{"name":null,"type":1,"depth":4,"symbol":47,"clipDepth":0,"id":2,"matrix":[0.99969482421875,-0.002197265625,-0.0164337158203125,0.9993896484375,2018,4536]},{"name":null,"type":1,"depth":5,"symbol":12,"clipDepth":0,"id":3,"matrix":[0.997970581054688,0.039886474609375,-0.039886474609375,0.997970581054688,1138,964]},{"name":null,"type":1,"depth":6,"symbol":53,"clipDepth":0,"id":18,"matrix":[0.999801635742188,-0.0162200927734375,0.0162200927734375,0.999801635742188,2327,2513]}]},{},{"objects":[{"name":null,"type":1,"depth":1,"symbol":8,"clipDepth":0,"id":0,"matrix":[1.00798034667969,0,-0.13421630859375,1.0030517578125,666,4302]},{"name":null,"type":1,"depth":2,"symbol":45,"clipDepth":0,"id":1,"matrix":[0.99945068359375,0.0302886962890625,-0.0302886962890625,0.99945068359375,4695,2613]},{"name":null,"type":1,"depth":4,"symbol":47,"clipDepth":0,"id":2,"matrix":[0.999557495117188,-0.0157470703125,-0.00286865234375,0.999496459960938,2035,4562]},{"name":null,"type":1,"depth":5,"symbol":12,"clipDepth":0,"id":3,"matrix":[0.997970581054688,0.039886474609375,-0.039886474609375,0.997970581054688,1170,978]},{"name":null,"type":1,"depth":6,"symbol":53,"clipDepth":0,"id":18,"matrix":[0.999801635742188,-0.0162200927734375,0.0162200927734375,0.999801635742188,2368,2536]}]},{},{},{},{},{},{},{},{},{},{},{},{},{},{},{},{},{},{},{},{},{},{},{},{},{},{},{},{},{},{},{},{},{},{},{},{},{},{},{},{},{},{},{},{},{},{},{},{},{},{},{}]},{"type":5,"className":"backonstage","baseClassName":null,"id":165,"frames":[{"objects":[{"name":null,"type":0,"depth":1,"symbol":126,"clipDepth":0,"id":0,"matrix":[1,0,0,1,0,0]},{"name":null,"type":0,"depth":3,"symbol":128,"clipDepth":0,"id":1,"matrix":[1,0,0,1,0,0]}]},{"objects":[{"name":null,"type":0,"depth":3,"symbol":129,"clipDepth":0,"id":3,"matrix":[1,0,0,1,0,0]},{"type":2,"id":1}]},{"objects":[{"name":null,"type":0,"depth":2,"symbol":131,"clipDepth":0,"id":6,"matrix":[1,0,0,1,0,0]},{"type":2,"id":3}]},{},{"objects":[{"name":null,"type":0,"depth":2,"symbol":133,"clipDepth":0,"id":9,"matrix":[1,0,0,1,0,0]},{"type":2,"id":6}]},{},{"objects":[{"name":null,"type":0,"depth":2,"symbol":135,"clipDepth":0,"id":12,"matrix":[1,0,0,1,0,0]},{"type":2,"id":9}]},{},{},{"objects":[{"name":null,"type":0,"depth":2,"symbol":137,"clipDepth":0,"id":16,"matrix":[1,0,0,1,0,0]},{"type":2,"id":12}]},{},{"objects":[{"name":null,"type":0,"depth":2,"symbol":139,"clipDepth":0,"id":19,"matrix":[1,0,0,1,0,0]},{"type":2,"id":16}]},{},{"objects":[{"name":null,"type":0,"depth":2,"symbol":141,"clipDepth":0,"id":22,"matrix":[1,0,0,1,0,0]},{"type":2,"id":19}]},{},{},{},{},{},{},{},{},{},{},{"objects":[{"name":null,"type":0,"depth":2,"symbol":143,"clipDepth":0,"id":34,"matrix":[1,0,0,1,0,0]},{"type":2,"id":22}]},{},{"objects":[{"name":null,"type":0,"depth":2,"symbol":145,"clipDepth":0,"id":37,"matrix":[1,0,0,1,0,0]},{"type":2,"id":34}]},{},{},{"objects":[{"name":null,"type":0,"depth":2,"symbol":147,"clipDepth":0,"id":41,"matrix":[1,0,0,1,0,0]},{"type":2,"id":37}]},{},{"objects":[{"name":null,"type":0,"depth":2,"symbol":149,"clipDepth":0,"id":44,"matrix":[1,0,0,1,0,0]},{"type":2,"id":41}]},{},{},{},{"objects":[{"name":null,"type":0,"depth":3,"symbol":152,"clipDepth":0,"id":50,"matrix":[1,0,0,1,0,0]},{"type":2,"id":44}]},{},{"objects":[{"name":null,"type":0,"depth":2,"symbol":154,"clipDepth":0,"id":53,"matrix":[1,0,0,1,0,0]},{"name":null,"type":0,"depth":3,"symbol":2,"clipDepth":0,"id":54,"matrix":[0.80126953125,0.59820556640625,-0.59820556640625,0.80126953125,4225,17329]},{"name":null,"type":0,"depth":4,"symbol":4,"clipDepth":0,"id":55,"matrix":[0.0968170166015625,-0.993759155273438,0.994293212890625,0.091278076171875,3341,21454]},{"name":null,"type":0,"depth":5,"symbol":156,"clipDepth":0,"id":56,"matrix":[0.994720458984375,-0.3182373046875,0.3182373046875,0.994720458984375,5114,20498]},{"name":null,"type":0,"depth":6,"symbol":158,"clipDepth":0,"id":57,"matrix":[0.976348876953125,0,0.028839111328125,1.021728515625,3815,19435]},{"name":null,"type":0,"depth":7,"symbol":160,"clipDepth":0,"id":58,"matrix":[0.976348876953125,0,0.028839111328125,1.021728515625,3812,19332]},{"name":null,"type":0,"depth":8,"symbol":10,"clipDepth":0,"id":59,"matrix":[0.967880249023438,-0.392303466796875,0.392303466796875,0.967880249023438,5201,20755]},{"name":null,"type":0,"depth":9,"symbol":12,"clipDepth":0,"id":60,"matrix":[0.99627685546875,0.0860137939453125,-0.0860137939453125,0.99627685546875,4782,15917]},{"name":null,"type":0,"depth":10,"symbol":111,"clipDepth":0,"id":61,"matrix":[0.997543334960938,0.06939697265625,-0.0773773193359375,0.996994018554688,6216,17501]},{"type":2,"id":50}]},{"objects":[{"name":null,"type":0,"depth":2,"symbol":162,"clipDepth":0,"id":63,"matrix":[1,0,0,1,0,0]},{"name":null,"type":1,"depth":3,"symbol":2,"clipDepth":0,"id":54,"matrix":[0.77215576171875,0.63531494140625,-0.63531494140625,0.77215576171875,4337,17018]},{"name":null,"type":1,"depth":4,"symbol":4,"clipDepth":0,"id":55,"matrix":[0.22930908203125,-0.971771240234375,0.9730224609375,0.223876953125,3268,20912]},{"name":null,"type":1,"depth":5,"symbol":156,"clipDepth":0,"id":56,"matrix":[0.94891357421875,-0.436203002929688,0.436203002929688,0.94891357421875,5298,20704]},{"name":null,"type":1,"depth":6,"symbol":158,"clipDepth":0,"id":57,"matrix":[0.976348876953125,0,0.028839111328125,1.021728515625,3815,19215]},{"name":null,"type":1,"depth":7,"symbol":160,"clipDepth":0,"id":58,"matrix":[0.976348876953125,0,0.028839111328125,1.021728515625,3812,19112]},{"name":null,"type":1,"depth":8,"symbol":10,"clipDepth":0,"id":59,"matrix":[0.930038452148438,-0.475082397460938,0.475082397460938,0.930038452148438,5358,20837]},{"name":null,"type":1,"depth":9,"symbol":12,"clipDepth":0,"id":60,"matrix":[0.995147705078125,0.098297119140625,-0.098297119140625,0.995147705078125,4827,15682]},{"name":null,"type":0,"depth":10,"symbol":113,"clipDepth":0,"id":71,"matrix":[0.996612548828125,0.081695556640625,-0.0896759033203125,0.995956420898438,6242,17283]},{"type":2,"id":61},{"type":2,"id":53}]},{},{"objects":[{"name":null,"type":0,"depth":2,"symbol":164,"clipDepth":0,"id":74,"matrix":[1,0,0,1,0,0]},{"name":null,"type":1,"depth":3,"symbol":2,"clipDepth":0,"id":54,"matrix":[0.728668212890625,0.68475341796875,-0.68475341796875,0.728668212890625,4502,17375]},{"name":null,"type":1,"depth":4,"symbol":4,"clipDepth":0,"id":55,"matrix":[0.358062744140625,-0.932037353515625,0.93402099609375,0.352874755859375,3084,21346]},{"name":null,"type":1,"depth":5,"symbol":156,"clipDepth":0,"id":56,"matrix":[1.0390625,0.10479736328125,-0.10479736328125,1.0390625,5041,19168]},{"name":null,"type":1,"depth":6,"symbol":158,"clipDepth":0,"id":57,"matrix":[0.976348876953125,0,0.028839111328125,1.021728515625,3815,19721]},{"name":null,"type":1,"depth":7,"symbol":160,"clipDepth":0,"id":58,"matrix":[0.976348876953125,0,0.028839111328125,1.021728515625,3815,19721]},{"name":null,"type":1,"depth":8,"symbol":10,"clipDepth":0,"id":59,"matrix":[0.9969482421875,-0.31103515625,0.31103515625,0.9969482421875,5070,20786]},{"name":null,"type":1,"depth":9,"symbol":12,"clipDepth":0,"id":60,"matrix":[0.9979248046875,0.0639190673828125,-0.0639190673828125,0.9979248046875,4698,16369]},{"name":null,"type":0,"depth":10,"symbol":115,"clipDepth":0,"id":82,"matrix":[0.998825073242188,0.047271728515625,-0.055267333984375,0.998443603515625,6168,17921]},{"type":2,"id":71},{"type":2,"id":63}]},{}]},{"type":5,"id":53,"frames":[{"objects":[{"type":0,"depth":0,"symbol":52,"clipDepth":0,"id":0,"visible":true,"matrix":[4,0,0,4,-400,-1040]}]}]},{"type":5,"id":164,"frames":[{"objects":[{"type":0,"depth":0,"symbol":163,"clipDepth":0,"id":0,"visible":true,"matrix":[4,0,0,4,2380,24320]}]}]},{"path":"symbols/52.png","type":0,"id":52,"smooth":false},{"path":"symbols/163.png","type":0,"id":163,"smooth":false},{"type":5,"id":51,"frames":[{"objects":[{"type":0,"depth":0,"symbol":50,"clipDepth":0,"id":0,"visible":true,"matrix":[4,0,0,4,-400,-1040]}]}]},{"type":5,"id":162,"frames":[{"objects":[{"type":0,"depth":0,"symbol":161,"clipDepth":0,"id":0,"visible":true,"matrix":[4,0,0,4,2860,24320]}]}]},{"path":"symbols/50.png","type":0,"id":50,"smooth":false},{"path":"symbols/161.png","type":0,"id":161,"smooth":false},{"type":5,"id":49,"frames":[{"objects":[{"type":0,"depth":0,"symbol":48,"clipDepth":0,"id":0,"visible":true,"matrix":[4,0,0,4,-400,-1040]}]}]},{"type":5,"id":160,"frames":[{"objects":[{"type":0,"depth":0,"symbol":159,"clipDepth":0,"id":0,"visible":true,"matrix":[4,0,0,4,80,1860]}]}]},{"path":"symbols/48.png","type":0,"id":48,"smooth":false},{"path":"symbols/159.png","type":0,"id":159,"smooth":false},{"type":5,"id":47,"frames":[{"objects":[{"type":0,"depth":0,"symbol":46,"clipDepth":0,"id":0,"visible":true,"matrix":[4,0,0,4,-800,-480]}]}]},{"type":5,"id":158,"frames":[{"objects":[{"type":0,"depth":0,"symbol":157,"clipDepth":0,"id":0,"visible":true,"matrix":[4,0,0,4,1520,-640]}]}]},{"path":"symbols/46.png","type":0,"id":46,"smooth":false},{"path":"symbols/157.png","type":0,"id":157,"smooth":false},{"type":5,"id":45,"frames":[{"objects":[{"name":null,"type":0,"depth":1,"symbol":44,"clipDepth":0,"id":0,"matrix":[1,0,0,1,0,0]}]}]},{"type":5,"id":156,"frames":[{"objects":[{"type":0,"depth":0,"symbol":155,"clipDepth":0,"id":0,"visible":true,"matrix":[4,0,0,4,3920,320]}]}]},{"type":5,"id":44,"frames":[{"objects":[{"type":0,"depth":0,"symbol":43,"clipDepth":0,"id":0,"visible":true,"matrix":[4,0,0,4,0,0]}]}]},{"path":"symbols/155.png","type":0,"id":155,"smooth":false},{"path":"symbols/43.png","type":0,"id":43,"smooth":false},{"type":5,"id":154,"frames":[{"objects":[{"type":0,"depth":0,"symbol":153,"clipDepth":0,"id":0,"visible":true,"matrix":[4,0,0,4,4060,24320]}]}]},{"type":5,"className":"singUP","baseClassName":null,"id":42,"frames":[{"objects":[{"name":null,"type":0,"depth":1,"symbol":29,"clipDepth":0,"id":0,"matrix":[0.896209716796875,0.44256591796875,-0.44256591796875,0.896209716796875,876,2715]},{"name":null,"type":0,"depth":2,"symbol":31,"clipDepth":0,"id":1,"matrix":[0.98626708984375,0,0,1.01979064941406,1208,5191]},{"name":null,"type":0,"depth":3,"symbol":35,"clipDepth":0,"id":2,"matrix":[0.966156005859375,0.257858276367188,-0.257858276367188,0.966156005859375,5847,4083]},{"name":null,"type":0,"depth":6,"symbol":12,"clipDepth":0,"id":3,"matrix":[0.905807495117188,0.41973876953125,-0.41973876953125,0.905807495117188,3633,396]},{"name":null,"type":0,"depth":7,"symbol":37,"clipDepth":0,"id":4,"matrix":[0.905807495117188,0.41973876953125,-0.41973876953125,0.905807495117188,3633,243]},{"name":null,"type":0,"depth":8,"symbol":4,"clipDepth":0,"id":5,"matrix":[0.831710815429688,-0.5523681640625,0.5523681640625,0.831710815429688,-377,4580]}]},{},{"objects":[{"name":null,"type":1,"depth":1,"symbol":29,"clipDepth":0,"id":0,"matrix":[0.87158203125,0.492721557617188,-0.439804077148438,0.89752197265625,952,2960]},{"name":null,"type":1,"depth":2,"symbol":31,"clipDepth":0,"id":1,"matrix":[1.09953308105469,0,-0.0129241943359375,0.952499389648438,924,5536]},{"name":null,"type":1,"depth":3,"symbol":35,"clipDepth":0,"id":2,"matrix":[0.99658203125,-0.0824127197265625,0.0824127197265625,0.99658203125,5619,4575]},{"name":null,"type":1,"depth":6,"symbol":12,"clipDepth":0,"id":3,"matrix":[0.959136962890625,0.277572631835938,-0.277572631835938,0.959136962890625,2972,1190]},{"name":null,"type":0,"depth":7,"symbol":39,"clipDepth":0,"id":12,"matrix":[0.959136962890625,0.277572631835938,-0.277572631835938,0.959136962890625,2972,1003]},{"name":null,"type":1,"depth":8,"symbol":4,"clipDepth":0,"id":5,"matrix":[0.900558471679688,-0.431488037109375,0.431488037109375,0.900558471679688,-327,4625]},{"type":2,"id":4}]},{},{"objects":[{"name":null,"type":1,"depth":1,"symbol":29,"clipDepth":0,"id":0,"matrix":[0.822372436523438,0.472900390625,-0.3431396484375,1.00091552734375,1075,2736]},{"name":null,"type":1,"depth":2,"symbol":31,"clipDepth":0,"id":1,"matrix":[1.07072448730469,0,-0.0153045654296875,0.961532592773438,1029,5485]},{"name":null,"type":1,"depth":3,"symbol":35,"clipDepth":0,"id":2,"matrix":[0.989349365234375,-0.14544677734375,0.14544677734375,0.989349365234375,5490,4593]},{"name":null,"type":1,"depth":6,"symbol":12,"clipDepth":0,"id":3,"matrix":[0.968505859375,0.24261474609375,-0.24261474609375,0.968505859375,2863,1347]},{"name":null,"type":0,"depth":7,"symbol":41,"clipDepth":0,"id":20,"matrix":[0.968505859375,0.24261474609375,-0.24261474609375,0.968505859375,2863,1347]},{"name":null,"type":1,"depth":8,"symbol":4,"clipDepth":0,"id":5,"matrix":[0.949325561523438,-0.309677124023438,0.309677124023438,0.949325561523438,-126,4268]},{"type":2,"id":12}]},{},{"objects":[{"name":null,"type":1,"depth":1,"symbol":29,"clipDepth":0,"id":0,"matrix":[0.80792236328125,0.49713134765625,-0.37274169921875,0.990264892578125,1148,2543]},{"name":null,"type":1,"depth":2,"symbol":31,"clipDepth":0,"id":1,"matrix":[1.056884765625,0,0,0.977401733398438,989,5400]},{"name":null,"type":1,"depth":3,"symbol":35,"clipDepth":0,"id":2,"matrix":[0.983642578125,-0.1798095703125,0.1798095703125,0.983642578125,5381,4627]},{"name":null,"type":1,"depth":6,"symbol":12,"clipDepth":0,"id":3,"matrix":[0.9547119140625,0.292098999023438,-0.292098999023438,0.9547119140625,3078,1038]},{"name":null,"type":1,"depth":7,"symbol":41,"clipDepth":0,"id":20,"matrix":[0.9547119140625,0.292098999023438,-0.292098999023438,0.9547119140625,3061,1123]},{"name":null,"type":1,"depth":8,"symbol":4,"clipDepth":0,"id":5,"matrix":[0.955718994140625,-0.289291381835938,0.289291381835938,0.955718994140625,-127,4085]}]},{},{"objects":[{"name":null,"type":1,"depth":1,"symbol":29,"clipDepth":0,"id":0,"matrix":[0.80792236328125,0.49713134765625,-0.37274169921875,0.990264892578125,1138,2493]},{"name":null,"type":1,"depth":2,"symbol":31,"clipDepth":0,"id":1,"matrix":[1.0511474609375,0,0,0.982208251953125,1006,5374]},{"name":null,"type":1,"depth":3,"symbol":35,"clipDepth":0,"id":2,"matrix":[0.98931884765625,-0.145355224609375,0.145355224609375,0.98931884765625,5400,4558]},{"name":null,"type":1,"depth":6,"symbol":12,"clipDepth":0,"id":3,"matrix":[0.936859130859375,0.345123291015625,-0.345123291015625,0.936859130859375,3314,836]},{"name":null,"type":1,"depth":7,"symbol":41,"clipDepth":0,"id":20,"matrix":[0.936859130859375,0.345123291015625,-0.345123291015625,0.936859130859375,3297,887]},{"name":null,"type":1,"depth":8,"symbol":4,"clipDepth":0,"id":5,"matrix":[0.947906494140625,-0.313934326171875,0.313934326171875,0.947906494140625,-166,4073]}]},{},{"objects":[{"name":null,"type":1,"depth":3,"symbol":35,"clipDepth":0,"id":2,"matrix":[0.9915771484375,-0.128936767578125,0.128936767578125,0.9915771484375,5414,4550]},{"name":null,"type":1,"depth":6,"symbol":12,"clipDepth":0,"id":3,"matrix":[0.9349365234375,0.35028076171875,-0.35028076171875,0.9349365234375,3337,828]},{"name":null,"type":1,"depth":7,"symbol":41,"clipDepth":0,"id":20,"matrix":[0.9349365234375,0.35028076171875,-0.35028076171875,0.9349365234375,3337,828]},{"name":null,"type":1,"depth":8,"symbol":4,"clipDepth":0,"id":5,"matrix":[0.945419311523438,-0.3212890625,0.3212890625,0.945419311523438,-174,4084]}]},{},{},{},{}]},{"path":"symbols/153.png","type":0,"id":153,"smooth":false},{"type":5,"id":41,"frames":[{"objects":[{"type":0,"depth":0,"symbol":40,"clipDepth":0,"id":0,"visible":true,"matrix":[4,0,0,4,1760,320]}]}]},{"type":5,"id":152,"frames":[{"objects":[{"type":0,"depth":0,"symbol":151,"clipDepth":0,"id":0,"visible":true,"matrix":[4,0,0,4,3340,24480]},{"type":0,"depth":1,"symbol":150,"clipDepth":0,"id":1,"visible":true,"matrix":[4,0,0,4,3840,18080]}]}]},{"path":"symbols/40.png","type":0,"id":40,"smooth":false},{"path":"symbols/151.png","type":0,"id":151,"smooth":false},{"type":5,"id":39,"frames":[{"objects":[{"type":0,"depth":0,"symbol":38,"clipDepth":0,"id":0,"visible":true,"matrix":[4,0,0,4,1440,320]}]}]},{"path":"symbols/150.png","type":0,"id":150,"smooth":false},{"path":"symbols/38.png","type":0,"id":38,"smooth":false},{"type":5,"id":149,"frames":[{"objects":[{"type":0,"depth":0,"symbol":148,"clipDepth":0,"id":0,"visible":true,"matrix":[4,0,0,4,2880,18320]}]}]},{"type":5,"id":37,"frames":[{"objects":[{"type":0,"depth":0,"symbol":36,"clipDepth":0,"id":0,"visible":true,"matrix":[4,0,0,4,1600,400]}]}]},{"path":"symbols/148.png","type":0,"id":148,"smooth":false},{"path":"symbols/36.png","type":0,"id":36,"smooth":false},{"type":5,"id":147,"frames":[{"objects":[{"type":0,"depth":0,"symbol":146,"clipDepth":0,"id":0,"visible":true,"matrix":[4,0,0,4,2960,18240]}]}]},{"type":5,"id":35,"frames":[{"objects":[{"name":null,"type":0,"depth":2,"symbol":34,"clipDepth":0,"id":0,"matrix":[1,0,0,1,0,0]}]}]},{"path":"symbols/146.png","type":0,"id":146,"smooth":false},{"type":5,"id":34,"frames":[{"objects":[{"type":0,"depth":0,"symbol":33,"clipDepth":0,"id":0,"visible":true,"matrix":[4,0,0,4,80,240]},{"type":0,"depth":1,"symbol":32,"clipDepth":0,"id":1,"visible":true,"matrix":[4,0,0,4,480,720]}]}]},{"type":5,"id":145,"frames":[{"objects":[{"type":0,"depth":0,"symbol":144,"clipDepth":0,"id":0,"visible":true,"matrix":[4,0,0,4,1520,19920]}]}]},{"path":"symbols/33.png","type":0,"id":33,"smooth":false},{"path":"symbols/144.png","type":0,"id":144,"smooth":false},{"path":"symbols/32.png","type":0,"id":32,"smooth":false},{"type":5,"id":143,"frames":[{"objects":[{"type":0,"depth":0,"symbol":142,"clipDepth":0,"id":0,"visible":true,"matrix":[4,0,0,4,1520,20320]}]}]},{"type":5,"id":31,"frames":[{"objects":[{"type":0,"depth":0,"symbol":30,"clipDepth":0,"id":0,"visible":true,"matrix":[4,0,0,4,-400,-960]}]}]},{"path":"symbols/142.png","type":0,"id":142,"smooth":false},{"path":"symbols/30.png","type":0,"id":30,"smooth":false},{"type":5,"id":141,"frames":[{"objects":[{"type":0,"depth":0,"symbol":140,"clipDepth":0,"id":0,"visible":true,"matrix":[4,0,0,4,1760,20320]}]}]},{"type":5,"id":29,"frames":[{"objects":[{"type":0,"depth":0,"symbol":28,"clipDepth":0,"id":0,"visible":true,"matrix":[4,0,0,4,1360,-400]}]}]},{"path":"symbols/140.png","type":0,"id":140,"smooth":false},{"path":"symbols/28.png","type":0,"id":28,"smooth":false},{"type":5,"id":139,"frames":[{"objects":[{"type":0,"depth":0,"symbol":138,"clipDepth":0,"id":0,"visible":true,"matrix":[4,0,0,4,1520,20320]}]}]},{"type":5,"className":"WEEE","baseClassName":null,"id":27,"frames":[{"objects":[{"name":null,"type":0,"depth":1,"symbol":26,"clipDepth":0,"id":0,"matrix":[1,0,0,1,0,0]}]},{}]},{"path":"symbols/138.png","type":0,"id":138,"smooth":false},{"type":5,"id":26,"frames":[{"objects":[{"type":0,"depth":0,"symbol":25,"clipDepth":0,"id":0,"visible":true,"matrix":[4,0,0,4,0,0]}]}]},{"type":5,"id":137,"frames":[{"objects":[{"type":0,"depth":0,"symbol":136,"clipDepth":0,"id":0,"visible":true,"matrix":[4,0,0,4,2960,19440]}]}]},{"path":"symbols/25.png","type":0,"id":25,"smooth":false},{"path":"symbols/136.png","type":0,"id":136,"smooth":false},{"type":5,"className":"wuh","baseClassName":null,"id":24,"frames":[{"objects":[{"name":null,"type":0,"depth":2,"symbol":2,"clipDepth":0,"id":0,"matrix":[0.99920654296875,-0.03887939453125,0.03887939453125,0.99920654296875,142,4692]},{"name":null,"type":0,"depth":3,"symbol":4,"clipDepth":0,"id":1,"matrix":[-0.141143798828125,-0.98846435546875,0.9876708984375,-0.146652221679688,723,8171]},{"name":null,"type":0,"depth":4,"symbol":6,"clipDepth":0,"id":2,"matrix":[1.0404052734375,-0.09124755859375,0.09124755859375,1.0404052734375,1783,5000]},{"name":null,"type":0,"depth":5,"symbol":8,"clipDepth":0,"id":3,"matrix":[0.976348876953125,0,0.028839111328125,1.021728515625,639,4746]},{"name":null,"type":0,"depth":6,"symbol":10,"clipDepth":0,"id":4,"matrix":[1.0426025390625,-0.060821533203125,0.060821533203125,1.0426025390625,1770,4885]},{"name":null,"type":0,"depth":7,"symbol":12,"clipDepth":0,"id":5,"matrix":[0.999969482421875,0.0077972412109375,-0.0077972412109375,0.999969482421875,1240,1574]},{"name":null,"type":0,"depth":8,"symbol":14,"clipDepth":0,"id":6,"matrix":[0.99993896484375,-0.0088653564453125,0.0008697509765625,1,2793,3041]}]},{"objects":[{"name":null,"type":1,"depth":2,"symbol":2,"clipDepth":0,"id":0,"matrix":[0.99920654296875,-0.03887939453125,0.03887939453125,0.99920654296875,126,4708]},{"name":null,"type":1,"depth":3,"symbol":4,"clipDepth":0,"id":1,"matrix":[-0.10247802734375,-0.993194580078125,0.99261474609375,-0.108016967773438,668,8138]},{"name":null,"type":1,"depth":4,"symbol":6,"clipDepth":0,"id":2,"matrix":[1.0404052734375,-0.09124755859375,0.09124755859375,1.0404052734375,1751,5032]},{"name":null,"type":1,"depth":5,"symbol":8,"clipDepth":0,"id":3,"matrix":[0.976348876953125,0,0.0470428466796875,1.021728515625,564,4746]},{"name":null,"type":1,"depth":6,"symbol":10,"clipDepth":0,"id":4,"matrix":[1.0426025390625,-0.060821533203125,0.060821533203125,1.0426025390625,1738,4917]},{"name":null,"type":1,"depth":7,"symbol":12,"clipDepth":0,"id":5,"matrix":[0.9996337890625,-0.0262451171875,0.0262451171875,0.9996337890625,1061,1714]},{"name":null,"type":0,"depth":8,"symbol":16,"clipDepth":0,"id":14,"matrix":[0.999053955078125,-0.0428924560546875,0.0348968505859375,0.9993896484375,2663,3128]},{"type":2,"id":6}]},{"objects":[{"name":null,"type":1,"depth":2,"symbol":2,"clipDepth":0,"id":0,"matrix":[0.99920654296875,-0.03887939453125,0.03887939453125,0.99920654296875,146,4728]},{"name":null,"type":1,"depth":3,"symbol":4,"clipDepth":0,"id":1,"matrix":[-0.218017578125,-0.974365234375,0.973129272460938,-0.223434448242188,812,8351]},{"name":null,"type":1,"depth":4,"symbol":6,"clipDepth":0,"id":2,"matrix":[1.0404052734375,-0.09124755859375,0.09124755859375,1.0404052734375,1739,5036]},{"name":null,"type":1,"depth":5,"symbol":8,"clipDepth":0,"id":3,"matrix":[0.966522216796875,0,0.051849365234375,1.037353515625,573,4670]},{"name":null,"type":1,"depth":6,"symbol":10,"clipDepth":0,"id":4,"matrix":[1.0426025390625,-0.060821533203125,0.060821533203125,1.0426025390625,1726,4921]},{"name":null,"type":1,"depth":7,"symbol":12,"clipDepth":0,"id":5,"matrix":[0.989715576171875,0.14288330078125,-0.14288330078125,0.989715576171875,1365,1072]},{"name":null,"type":1,"depth":8,"symbol":16,"clipDepth":0,"id":14,"matrix":[0.809814453125,0.103195190429688,-0.13433837890625,0.99090576171875,2725,2814]}]},{"objects":[{"name":null,"type":0,"depth":1,"symbol":17,"clipDepth":0,"id":24,"matrix":[1,0,0,1,0,0]},{"name":null,"type":1,"depth":3,"symbol":4,"clipDepth":0,"id":1,"matrix":[-0.16668701171875,-0.984466552734375,0.9835205078125,-0.172164916992188,754,8266]},{"name":null,"type":1,"depth":4,"symbol":6,"clipDepth":0,"id":2,"matrix":[1.0404052734375,-0.09124755859375,0.09124755859375,1.0404052734375,1723,5004]},{"name":null,"type":1,"depth":6,"symbol":10,"clipDepth":0,"id":4,"matrix":[1.0426025390625,-0.060821533203125,0.060821533203125,1.0426025390625,1710,4889]},{"name":null,"type":1,"depth":7,"symbol":12,"clipDepth":0,"id":5,"matrix":[0.988571166992188,0.150604248046875,-0.150604248046875,0.988571166992188,1413,1049]},{"name":null,"type":0,"depth":8,"symbol":19,"clipDepth":0,"id":29,"matrix":[0.8089599609375,0.1094970703125,-0.142059326171875,0.989837646484375,2759,2802]},{"type":2,"id":14}]},{"objects":[{"name":null,"type":0,"depth":8,"symbol":21,"clipDepth":0,"id":31,"matrix":[0.8089599609375,0.1094970703125,-0.142059326171875,0.989837646484375,2759,2802]},{"type":2,"id":29}]},{},{},{},{},{},{},{},{},{},{"objects":[{"name":null,"type":1,"depth":2,"symbol":2,"clipDepth":0,"id":0,"matrix":[0.996627807617188,-0.081573486328125,0.081573486328125,0.996627807617188,-69,4888]},{"name":null,"type":1,"depth":3,"symbol":4,"clipDepth":0,"id":1,"matrix":[-0.0147857666015625,-0.99835205078125,0.998260498046875,-0.0203399658203125,502,8065]},{"name":null,"type":1,"depth":4,"symbol":6,"clipDepth":0,"id":2,"matrix":[1.0355224609375,-0.135650634765625,0.135650634765625,1.0355224609375,1519,5096]},{"name":null,"type":1,"depth":5,"symbol":8,"clipDepth":0,"id":3,"matrix":[0.96563720703125,-0.0413360595703125,0.096160888671875,1.0341796875,356,4812]},{"name":null,"type":1,"depth":6,"symbol":10,"clipDepth":0,"id":4,"matrix":[1.03903198242188,-0.1053466796875,0.1053466796875,1.03903198242188,1501,4982]},{"name":null,"type":1,"depth":7,"symbol":12,"clipDepth":0,"id":5,"matrix":[0.98577880859375,0.167831420898438,-0.167831420898438,0.98577880859375,1352,1015]},{"name":null,"type":0,"depth":8,"symbol":23,"clipDepth":0,"id":48,"matrix":[0.89447021484375,0.136993408203125,-0.1593017578125,0.9871826171875,2529,2771]},{"type":2,"id":31}]}]},{"type":5,"id":135,"frames":[{"objects":[{"type":0,"depth":0,"symbol":134,"clipDepth":0,"id":0,"visible":true,"matrix":[4,0,0,4,3040,19360]}]}]},{"type":5,"id":23,"frames":[{"objects":[{"type":0,"depth":0,"symbol":22,"clipDepth":0,"id":0,"visible":true,"matrix":[4,0,0,4,-400,160]}]}]},{"path":"symbols/134.png","type":0,"id":134,"smooth":false},{"path":"symbols/22.png","type":0,"id":22,"smooth":false},{"type":5,"id":133,"frames":[{"objects":[{"type":0,"depth":0,"symbol":132,"clipDepth":0,"id":0,"visible":true,"matrix":[4,0,0,4,3200,19360]}]}]},{"type":5,"id":21,"frames":[{"objects":[{"type":0,"depth":0,"symbol":20,"clipDepth":0,"id":0,"visible":true,"matrix":[4,0,0,4,-400,-400]}]}]},{"path":"symbols/132.png","type":0,"id":132,"smooth":false},{"path":"symbols/20.png","type":0,"id":20,"smooth":false},{"type":5,"id":131,"frames":[{"objects":[{"type":0,"depth":0,"symbol":130,"clipDepth":0,"id":0,"visible":true,"matrix":[4,0,0,4,80,19040]}]}]},{"type":5,"id":19,"frames":[{"objects":[{"type":0,"depth":0,"symbol":18,"clipDepth":0,"id":0,"visible":true,"matrix":[4,0,0,4,-320,-480]}]}]},{"path":"symbols/130.png","type":0,"id":130,"smooth":false},{"path":"symbols/18.png","type":0,"id":18,"smooth":false},{"type":4,"id":129,"commands":[3,5,1,0,1,8,23040,-887,7,23120,-887,7,23120,-807,7,23040,-807,7,23040,-887,8,3280,13789,7,3280,14109,7,3200,14109,7,3200,14269,7,3120,14269,7,3120,14429,7,3040,14429,7,3040,14749,7,2960,14749,7,2960,14909,7,2880,14909,7,2880,15229,7,2800,15229,7,2800,15309,7,3040,15309,7,3040,15389,7,3280,15389,7,3280,15149,7,3360,15149,7,3360,14989,7,3440,14989,7,3440,14829,7,3520,14829,7,3520,14669,7,3600,14669,7,3600,14589,7,3680,14589,7,3680,14429,7,3760,14429,7,3760,14269,7,3840,14269,7,3840,14109,7,3920,14109,7,3920,13949,7,4000,13949,7,4000,13869,7,4080,13869,7,4080,13709,7,4160,13709,7,4160,13469,7,4240,13469,7,4240,13309,7,4320,13309,7,4320,13149,7,4400,13149,7,4400,12989,7,4480,12989,7,4480,12829,7,4560,12829,7,4560,12669,7,4640,12669,7,4640,12509,7,4720,12509,7,4720,12349,7,4800,12349,7,4800,12189,7,4880,12189,7,4880,11949,7,4960,11949,7,4960,11789,7,5040,11789,7,5040,11629,7,5120,11629,7,5120,11549,7,5040,11549,7,5040,11469,7,4880,11469,7,4880,11389,7,4640,11389,7,4640,11469,7,4560,11469,7,4560,11549,7,4480,11549,7,4480,11709,7,4400,11709,7,4400,11789,7,4320,11789,7,4320,11949,7,4240,11949,7,4240,12029,7,4160,12029,7,4160,12109,7,4080,12109,7,4080,12269,7,4000,12269,7,4000,12429,7,3920,12429,7,3920,12589,7,3840,12589,7,3840,12829,7,3760,12829,7,3760,12989,7,3680,12989,7,3680,13069,7,3600,13069,7,3600,13229,7,3520,13229,7,3520,13309,7,3440,13309,7,3440,13469,7,3360,13469,7,3360,13789,7,3280,13789,7,3280,13469,7,3360,13469,7,3360,13309,7,3440,13309,7,3440,13229,7,3520,13229,7,3520,13069,7,3600,13069,7,3600,12989,7,3680,12989,7,3680,12829,7,3760,12829,7,3760,12589,7,3840,12589,7,3840,12429,7,3920,12429,7,3920,12269,7,4000,12269,7,4000,12109,7,4080,12109,7,4080,12029,7,4160,12029,7,4160,11949,7,4240,11949,7,4240,11789,7,4320,11789,7,4320,11709,7,4400,11709,7,4400,11549,7,4480,11549,7,4480,11469,7,4560,11469,7,4560,11309,7,4880,11309,7,4880,11389,7,5040,11389,7,5040,11469,7,5280,11469,7,5280,11549,7,5520,11549,7,5520,11629,7,5680,11629,7,5680,11709,7,5840,11709,7,5840,11789,7,6080,11789,7,6080,11869,7,6240,11869,7,6240,11949,7,6400,11949,7,6400,12029,7,6560,12029,7,6560,12109,7,6800,12109,7,6800,12189,7,6960,12189,7,6960,12429,7,7200,12429,7,7200,12509,7,7280,12509,7,7280,12589,7,7360,12589,7,7360,12669,7,7520,12669,7,7520,12749,7,7680,12749,7,7680,12829,7,7760,12829,7,7760,12909,7,8000,12909,7,8000,12989,7,8080,12989,7,8080,13069,7,8000,13069,7,8000,13229,7,8080,13229,7,8080,13149,7,8560,13149,7,8560,13229,7,8720,13229,7,8720,13469,7,8560,13469,7,8560,13549,7,8400,13549,7,8400,13629,7,8240,13629,7,8240,13709,7,8160,13709,7,8160,13789,7,8320,13789,7,8320,13869,7,8480,13869,7,8480,13949,7,8560,13949,7,8560,14029,7,8720,14029,7,8720,13949,7,8800,13949,7,8800,13789,7,8880,13789,7,8880,13549,7,8960,13549,7,8960,13309,7,9040,13309,7,9040,13069,7,9120,13069,7,9120,12909,7,9200,12909,7,9200,12669,7,9280,12669,7,9280,12749,7,9360,12749,7,9360,12909,7,9440,12909,7,9440,12989,7,9520,12989,7,9520,13069,7,9600,13069,7,9600,13309,7,9680,13309,7,9680,13469,7,9760,13469,7,9760,13709,7,9840,13709,7,9840,14029,7,9920,14029,7,9920,14269,7,10000,14269,7,10000,14189,7,10080,14189,7,10080,13949,7,10160,13949,7,10160,13789,7,10240,13789,7,10240,13629,7,10320,13629,7,10320,13389,7,10480,13389,7,10480,13549,7,10400,13549,7,10400,14189,7,10320,14189,7,10320,14509,7,10480,14509,7,10480,14429,7,10880,14429,7,10880,15389,7,10800,15389,7,10800,16669,7,10720,16669,7,10720,17629,7,10320,17629,7,10320,17709,7,9760,17709,7,9760,17789,7,9840,17789,7,9840,18029,7,9920,18029,7,9920,18189,7,10000,18189,7,10000,18349,7,10160,18349,7,10160,18509,7,10240,18509,7,10240,18589,7,10160,18589,7,10160,18669,7,9920,18669,7,9920,18749,7,9840,18749,7,9840,18829,7,9760,18829,7,9760,18909,7,9600,18909,7,9600,18829,7,9520,18829,7,9520,18669,7,9440,18669,7,9440,18509,7,9360,18509,7,9360,18349,7,9200,18349,7,9200,18269,7,8960,18269,7,8960,18189,7,8560,18189,7,8560,18109,7,8080,18109,7,8080,18189,7,7840,18189,7,7840,18029,7,7760,18029,7,7760,17869,7,7680,17869,7,7680,17549,7,7600,17549,7,7600,17389,7,7520,17389,7,7520,17149,7,7440,17149,7,7440,17389,7,7360,17389,7,7360,17549,7,7200,17549,7,7200,17629,7,7040,17629,7,7040,17709,7,6640,17709,7,6640,17629,7,6400,17629,7,6400,17549,7,6320,17549,7,6320,17469,7,6240,17469,7,6240,17309,7,6000,17309,7,6000,17469,7,5840,17469,7,5840,17389,7,5680,17389,7,5680,17309,7,5600,17309,7,5600,17229,7,5520,17229,7,5520,17149,7,5440,17149,7,5440,17069,7,5360,17069,7,5360,16989,7,5280,16989,7,5280,16909,7,5200,16909,7,5200,16829,7,5120,16829,7,5120,16749,7,5040,16749,7,5040,16669,7,4960,16669,7,4960,16589,7,4880,16589,7,4880,16509,7,4800,16509,7,4800,16429,7,4720,16429,7,4720,16269,7,4640,16269,7,4640,16109,7,4560,16109,7,4560,16029,7,3760,16029,7,3760,16109,7,3600,16109,7,3600,15949,7,3680,15949,7,3680,15789,7,3760,15789,7,3760,15709,7,3680,15709,7,3680,15629,7,3440,15629,7,3440,15549,7,3280,15549,7,3280,15469,7,3040,15469,7,3040,15389,7,2800,15389,7,2800,15309,7,2720,15309,7,2720,15229,7,2800,15229,7,2800,14909,7,2880,14909,7,2880,14749,7,2960,14749,7,2960,14429,7,3040,14429,7,3040,14269,7,3120,14269,7,3120,14109,7,3200,14109,7,3200,13789,7,3280,13789,8,6080,11869,7,5840,11869,7,5840,11789,7,5680,11789,7,5680,11709,7,5520,11709,7,5520,11629,7,5280,11629,7,5280,11549,7,5200,11549,7,5200,11629,7,5120,11629,7,5120,11789,7,5040,11789,7,5040,11949,7,4960,11949,7,4960,12189,7,4880,12189,7,4880,12349,7,4800,12349,7,4800,12509,7,4720,12509,7,4720,12669,7,4640,12669,7,4640,12829,7,4560,12829,7,4560,12989,7,4480,12989,7,4480,13149,7,4400,13149,7,4400,13309,7,4320,13309,7,4320,13469,7,4240,13469,7,4240,13709,7,4160,13709,7,4160,13869,7,4080,13869,7,4080,13949,7,4000,13949,7,4000,14109,7,3920,14109,7,3920,14269,7,3840,14269,7,3840,14429,7,3760,14429,7,3760,14589,7,3680,14589,7,3680,14669,7,3600,14669,7,3600,14829,7,3520,14829,7,3520,14989,7,3440,14989,7,3440,15149,7,3360,15149,7,3360,15389,7,3280,15389,7,3280,15469,7,3440,15469,7,3440,15549,7,3680,15549,7,3680,15629,7,3920,15629,7,3920,15469,7,4000,15469,7,4000,15309,7,4080,15309,7,4080,15149,7,4160,15149,7,4160,14989,7,4240,14989,7,4240,14829,7,4320,14829,7,4320,14749,7,4400,14749,7,4400,14669,7,4320,14669,7,4320,14429,7,4400,14429,7,4400,14349,7,4480,14349,7,4480,14269,7,5120,14269,7,5120,14189,7,5200,14189,7,5200,14029,7,5120,14029,7,5120,13949,7,5040,13949,7,5040,13789,7,4880,13789,7,4880,13709,7,4800,13709,7,4800,13389,7,4880,13389,7,4880,13229,7,5040,13229,7,5040,13149,7,5200,13149,7,5200,13069,7,5280,13069,7,5280,13149,7,5600,13149,7,5600,13229,7,5680,13229,7,5680,13309,7,5760,13309,7,5760,13389,7,5840,13389,7,5840,13709,7,5920,13709,7,5920,13949,7,6080,13949,7,6080,13789,7,6160,13789,7,6160,13469,7,6080,13469,7,6080,12829,7,6160,12829,7,6160,12749,7,6240,12749,7,6240,12669,7,6640,12669,7,6640,12589,7,6720,12589,7,6720,12509,7,6800,12509,7,6800,12349,7,6720,12349,7,6720,12269,7,6800,12269,7,6800,12189,7,6560,12189,7,6560,12109,7,6400,12109,7,6400,12029,7,6240,12029,7,6240,11949,7,6080,11949,7,6080,11869,8,6240,12749,7,6240,12829,7,6160,12829,7,6160,13469,7,6240,13469,7,6240,13789,7,6160,13789,7,6160,13949,7,6080,13949,7,6080,14029,7,6000,14029,7,6000,14109,7,5920,14109,7,5920,14029,7,5840,14029,7,5840,13709,7,5760,13709,7,5760,13389,7,5680,13389,7,5680,13309,7,5600,13309,7,5600,13229,7,5280,13229,7,5280,13149,7,5200,13149,7,5200,13229,7,5040,13229,7,5040,13309,7,4960,13309,7,4960,13389,7,4880,13389,7,4880,13709,7,5040,13709,7,5040,13789,7,5120,13789,7,5120,13949,7,5200,13949,7,5200,14029,7,5280,14029,7,5280,14189,7,5200,14189,7,5200,14349,7,4480,14349,7,4480,14429,7,4400,14429,7,4400,14589,7,4480,14589,7,4480,14509,7,4560,14509,7,4560,14589,7,4480,14589,7,4480,14749,7,4560,14749,7,4560,14909,7,5520,14909,7,5520,14989,7,5680,14989,7,5680,15069,7,5760,15069,7,5760,15309,7,5840,15309,7,5840,15709,7,5920,15709,7,5920,15949,7,6960,15949,7,6960,15549,7,6880,15549,7,6880,15069,7,6800,15069,7,6800,14749,7,6960,14749,7,6960,14669,7,7120,14669,7,7120,14589,7,7280,14589,7,7280,14509,7,7360,14509,7,7360,14429,7,7520,14429,7,7520,13949,7,7280,13949,7,7280,13869,7,7360,13869,7,7360,13789,7,7040,13789,7,7040,13869,7,6960,13869,7,6960,13949,7,6880,13949,7,6880,14029,7,6800,14029,7,6800,14189,7,6720,14189,7,6720,14269,7,6480,14269,7,6480,14109,7,6560,14109,7,6560,13869,7,6640,13869,7,6640,13789,7,6720,13789,7,6720,13629,7,6800,13629,7,6800,12989,7,6720,12989,7,6720,12829,7,6640,12829,7,6640,12749,7,6240,12749,8,4480,14749,7,4400,14749,7,4400,14829,7,4320,14829,7,4320,14989,7,4240,14989,7,4240,15149,7,4160,15149,7,4160,15309,7,4080,15309,7,4080,15469,7,4000,15469,7,4000,15629,7,3920,15629,7,3920,15709,7,3840,15709,7,3840,15789,7,3760,15789,7,3760,15949,7,4560,15949,7,4560,16029,7,4640,16029,7,4640,16109,7,4720,16109,7,4720,16269,7,4800,16269,7,4800,16429,7,4880,16429,7,4880,16509,7,4960,16509,7,4960,16589,7,5040,16589,7,5040,16669,7,5120,16669,7,5120,16749,7,5200,16749,7,5200,16829,7,5280,16829,7,5280,16909,7,5360,16909,7,5360,16989,7,5440,16989,7,5440,17069,7,5520,17069,7,5520,17149,7,5600,17149,7,5600,17229,7,5760,17229,7,5760,17309,7,5840,17309,7,5840,16829,7,5920,16829,7,5920,16349,7,5840,16349,7,5840,16189,7,5760,16189,7,5760,16109,7,5600,16109,7,5600,15949,7,5840,15949,7,5840,15709,7,5760,15709,7,5760,15309,7,5680,15309,7,5680,15069,7,5520,15069,7,5520,14989,7,4560,14989,7,4560,14909,7,4480,14909,7,4480,14749,8,7840,13309,7,7840,13389,7,7760,13389,7,7760,13469,7,7680,13469,7,7680,13629,7,7840,13629,7,7840,13709,7,8160,13709,7,8160,13629,7,8240,13629,7,8240,13549,7,8400,13549,7,8400,13469,7,8560,13469,7,8560,13389,7,8640,13389,7,8640,13309,7,8560,13309,7,8560,13229,7,8080,13229,7,8080,13309,7,8000,13309,7,8000,13389,7,7920,13389,7,7920,13309,7,7840,13309,7,7840,13069,7,7920,13069,7,7920,12989,7,7760,12989,7,7760,12909,7,7680,12909,7,7680,12829,7,7520,12829,7,7520,12749,7,7360,12749,7,7360,12669,7,7280,12669,7,7280,12589,7,7200,12589,7,7200,12509,7,6960,12509,7,6960,12429,7,6880,12429,7,6880,12509,7,6800,12509,7,6800,12589,7,6720,12589,7,6720,12669,7,6640,12669,7,6640,12749,7,6720,12749,7,6720,12829,7,6800,12829,7,6800,12989,7,6880,12989,7,6880,13629,7,6800,13629,7,6800,13789,7,6720,13789,7,6720,13869,7,6640,13869,7,6640,14109,7,6560,14109,7,6560,14189,7,6720,14189,7,6720,14029,7,6800,14029,7,6800,13949,7,6880,13949,7,6880,13869,7,6960,13869,7,6960,13789,7,7040,13789,7,7040,13709,7,7360,13709,7,7360,13789,7,7440,13789,7,7440,13709,7,7520,13709,7,7520,13549,7,7600,13549,7,7600,13469,7,7680,13469,7,7680,13389,7,7760,13389,7,7760,13309,7,7840,13309,8,9360,12909,7,9200,12909,7,9200,13069,7,9120,13069,7,9120,13309,7,9040,13309,7,9040,13549,7,8960,13549,7,8960,13789,7,8880,13789,7,8880,13949,7,8800,13949,7,8800,14029,7,8720,14029,7,8720,14189,7,8640,14189,7,8640,14109,7,8560,14109,7,8560,14029,7,8480,14029,7,8480,13949,7,8320,13949,7,8320,13869,7,8080,13869,7,8080,13789,7,7840,13789,7,7840,13709,7,7760,13709,7,7760,13869,7,7840,13869,7,7840,14109,7,7920,14109,7,7920,14269,7,8000,14269,7,8000,14589,7,8080,14589,7,8080,14749,7,8000,14749,7,8000,14989,7,8240,14989,7,8240,14909,7,8880,14909,7,8880,14829,7,9280,14829,7,9280,14589,7,9200,14589,7,9200,14109,7,9120,14109,7,9120,13949,7,9200,13949,7,9200,14109,7,9280,14109,7,9280,14589,7,9360,14589,7,9360,14909,7,9440,14909,7,9440,15709,7,9360,15709,7,9360,16429,7,9280,16429,7,9280,17229,7,9360,17229,7,9360,17309,7,9440,17309,7,9440,17389,7,9600,17389,7,9600,17469,7,9840,17469,7,9840,17549,7,9920,17549,7,9920,17469,7,10000,17469,7,10000,17229,7,10080,17229,7,10080,16269,7,10160,16269,7,10160,14989,7,10240,14989,7,10240,14189,7,10320,14189,7,10320,13789,7,10240,13789,7,10240,13949,7,10160,13949,7,10160,14189,7,10080,14189,7,10080,14349,7,10000,14349,7,10000,14429,7,9920,14429,7,9920,14269,7,9840,14269,7,9840,14109,7,9760,14109,7,9760,13709,7,9680,13709,7,9680,13469,7,9600,13469,7,9600,13309,7,9520,13309,7,9520,13069,7,9440,13069,7,9440,12989,7,9360,12989,7,9360,12909,8,7520,13709,7,7520,13789,7,7440,13789,7,7440,13869,7,7520,13869,7,7520,13949,7,7600,13949,7,7600,14429,7,7840,14429,7,7840,14509,7,7920,14509,7,7920,14269,7,7840,14269,7,7840,14109,7,7760,14109,7,7760,13869,7,7680,13869,7,7680,13789,7,7600,13789,7,7600,13709,7,7520,13709,8,6960,14749,7,6960,14829,7,6880,14829,7,6880,15069,7,6960,15069,7,6960,15549,7,7040,15549,7,7040,15949,7,7120,15949,7,7120,16029,7,7200,16029,7,7200,14989,7,7280,14989,7,7280,14749,7,7360,14749,7,7360,14669,7,7440,14669,7,7440,14589,7,7520,14589,7,7520,14509,7,7360,14509,7,7360,14589,7,7280,14589,7,7280,14669,7,7120,14669,7,7120,14749,7,6960,14749,8,7840,14509,7,7600,14509,7,7600,14589,7,7520,14589,7,7520,14669,7,7440,14669,7,7440,14749,7,7360,14749,7,7360,15069,7,7280,15069,7,7280,16109,7,7360,16109,7,7360,16589,7,7440,16589,7,7440,16989,7,7520,16989,7,7520,16749,7,7680,16749,7,7680,16909,7,7760,16909,7,7760,16989,7,7840,16989,7,7840,17069,7,7920,17069,7,7920,17149,7,8000,17149,7,8000,17229,7,8080,17229,7,8080,17309,7,8160,17309,7,8160,16989,7,8080,16989,7,8080,16829,7,8240,16829,7,8240,17069,7,8320,17069,7,8320,17149,7,8400,17149,7,8400,17309,7,8480,17309,7,8480,17469,7,8560,17469,7,8560,17149,7,8640,17149,7,8640,17469,7,8560,17469,7,8560,17789,7,8880,17789,7,8880,17709,7,9040,17709,7,9040,17629,7,9200,17629,7,9200,17549,7,9600,17549,7,9600,17469,7,9440,17469,7,9440,17389,7,9360,17389,7,9360,17309,7,9120,17309,7,9120,17229,7,9040,17229,7,9040,17149,7,8960,17149,7,8960,17069,7,9040,17069,7,9040,17149,7,9120,17149,7,9120,17229,7,9200,17229,7,9200,16509,7,9120,16509,7,9120,16589,7,8880,16589,7,8880,16669,7,8320,16669,7,8320,16589,7,8240,16589,7,8240,16509,7,8160,16509,7,8160,16429,7,8000,16429,7,8000,16349,7,7920,16349,7,7920,16189,7,7840,16189,7,7840,15709,7,7920,15709,7,7920,15549,7,8000,15549,7,8000,15389,7,8080,15389,7,8080,15309,7,8160,15309,7,8160,15229,7,8320,15229,7,8320,15149,7,8640,15149,7,8640,15069,7,8880,15069,7,8880,15149,7,9040,15149,7,9040,15229,7,9200,15229,7,9200,15389,7,9280,15389,7,9280,15629,7,9360,15629,7,9360,14989,7,9280,14989,7,9280,14909,7,8880,14909,7,8880,14989,7,8240,14989,7,8240,15069,7,7920,15069,7,7920,14669,7,7840,14669,7,7840,14509,8,7920,14669,7,8000,14669,7,8000,14589,7,7920,14589,7,7920,14669,8,9200,15389,7,9120,15389,7,9120,15309,7,9040,15309,7,9040,15229,7,8880,15229,7,8880,15149,7,8640,15149,7,8640,15229,7,8320,15229,7,8320,15309,7,8160,15309,7,8160,15389,7,8080,15389,7,8080,15549,7,8000,15549,7,8000,15709,7,7920,15709,7,7920,16189,7,8000,16189,7,8000,16349,7,8160,16349,7,8160,16429,7,8240,16429,7,8240,16509,7,8320,16509,7,8320,16589,7,8880,16589,7,8880,16509,7,9120,16509,7,9120,16349,7,9200,16349,7,9200,16269,7,9280,16269,7,9280,15629,7,9200,15629,7,9200,15389,8,10480,14509,7,10480,14589,7,10320,14589,7,10320,14989,7,10240,14989,7,10240,16269,7,10160,16269,7,10160,17229,7,10080,17229,7,10080,17549,7,10000,17549,7,10000,17629,7,10320,17629,7,10320,17549,7,10640,17549,7,10640,16669,7,10720,16669,7,10720,15389,7,10800,15389,7,10800,14509,7,10480,14509,8,7680,16909,7,7600,16909,7,7600,17069,7,7680,17069,7,7680,17549,7,7760,17549,7,7760,17869,7,7840,17869,7,7840,18029,7,7920,18029,7,7920,18109,7,8080,18109,7,8080,18029,7,8560,18029,7,8560,18109,7,8960,18109,7,8960,18189,7,9200,18189,7,9200,18269,7,9360,18269,7,9360,18109,7,9280,18109,7,9280,18029,7,9200,18029,7,9200,17949,7,9120,17949,7,9120,17789,7,9360,17789,7,9360,17709,7,9680,17709,7,9680,17629,7,9760,17629,7,9760,17549,7,9600,17549,7,9600,17629,7,9200,17629,7,9200,17709,7,9040,17709,7,9040,17789,7,8880,17789,7,8880,17869,7,8560,17869,7,8560,17949,7,8480,17949,7,8480,17469,7,8400,17469,7,8400,17309,7,8320,17309,7,8320,17149,7,8240,17149,7,8240,17469,7,8160,17469,7,8160,17389,7,8080,17389,7,8080,17309,7,8000,17309,7,8000,17229,7,7920,17229,7,7920,17149,7,7840,17149,7,7840,17069,7,7760,17069,7,7760,16989,7,7680,16989,7,7680,16909,8,9920,18189,7,9840,18189,7,9840,18029,7,9760,18029,7,9760,17789,7,9360,17789,7,9360,17869,7,9200,17869,7,9200,17949,7,9280,17949,7,9280,18029,7,9360,18029,7,9360,18109,7,9440,18109,7,9440,18189,7,9520,18189,7,9520,18269,7,9680,18269,7,9680,18429,7,9600,18429,7,9600,18349,7,9440,18349,7,9440,18429,7,9520,18429,7,9520,18669,7,9600,18669,7,9600,18829,7,9680,18829,7,9680,18749,7,9840,18749,7,9840,18669,7,9920,18669,7,9920,18589,7,10080,18589,7,10080,18429,7,10000,18429,7,10000,18349,7,9920,18349,7,9920,18189,8,9280,16429,7,9280,16349,7,9200,16349,7,9200,16429,7,9280,16429,8,8640,15869,7,8800,15869,7,8800,15949,7,8720,15949,7,8720,16029,7,8560,16029,7,8560,15949,7,8640,15949,7,8640,15869,8,7280,16109,7,7040,16109,7,7040,16029,7,5920,16029,7,5920,16109,7,5840,16109,7,5840,16189,7,5920,16189,7,5920,16269,7,6000,16269,7,6000,16429,7,6080,16429,7,6080,16509,7,6160,16509,7,6160,16589,7,6240,16589,7,6240,16909,7,6320,16909,7,6320,17309,7,6560,17309,7,6560,17389,7,6320,17389,7,6320,17469,7,6400,17469,7,6400,17549,7,6640,17549,7,6640,17629,7,7040,17629,7,7040,17549,7,7200,17549,7,7200,17469,7,7280,17469,7,7280,17309,7,7360,17309,7,7360,16669,7,7280,16669,7,7280,16109,8,7520,17149,7,7600,17149,7,7600,17069,7,7520,17069,7,7520,17149,8,5840,16109,7,5840,16029,7,5760,16029,7,5760,16109,7,5840,16109,8,6160,16589,7,6080,16589,7,6080,16509,7,6000,16509,7,6000,16829,7,5920,16829,7,5920,17149,7,6000,17149,7,6000,17229,7,6240,17229,7,6240,16909,7,6160,16909,7,6160,16589,8,5840,17389,7,5920,17389,7,5920,17309,7,5840,17309,7,5840,17389,8,3760,16029,7,3760,15949,7,3680,15949,7,3680,16029,7,3760,16029,5,1,16777215,1,8,3280,13789,7,3360,13789,7,3360,13469,7,3440,13469,7,3440,13309,7,3520,13309,7,3520,13229,7,3600,13229,7,3600,13069,7,3680,13069,7,3680,12989,7,3760,12989,7,3760,12829,7,3840,12829,7,3840,12589,7,3920,12589,7,3920,12429,7,4000,12429,7,4000,12269,7,4080,12269,7,4080,12109,7,4160,12109,7,4160,12029,7,4240,12029,7,4240,11949,7,4320,11949,7,4320,11789,7,4400,11789,7,4400,11709,7,4480,11709,7,4480,11549,7,4560,11549,7,4560,11469,7,4640,11469,7,4640,11389,7,4880,11389,7,4880,11469,7,5040,11469,7,5040,11549,7,5120,11549,7,5120,11629,7,5040,11629,7,5040,11789,7,4960,11789,7,4960,11949,7,4880,11949,7,4880,12189,7,4800,12189,7,4800,12349,7,4720,12349,7,4720,12509,7,4640,12509,7,4640,12669,7,4560,12669,7,4560,12829,7,4480,12829,7,4480,12989,7,4400,12989,7,4400,13149,7,4320,13149,7,4320,13309,7,4240,13309,7,4240,13469,7,4160,13469,7,4160,13709,7,4080,13709,7,4080,13869,7,4000,13869,7,4000,13949,7,3920,13949,7,3920,14109,7,3840,14109,7,3840,14269,7,3760,14269,7,3760,14429,7,3680,14429,7,3680,14589,7,3600,14589,7,3600,14669,7,3520,14669,7,3520,14829,7,3440,14829,7,3440,14989,7,3360,14989,7,3360,15149,7,3280,15149,7,3280,15389,7,3040,15389,7,3040,15309,7,2800,15309,7,2800,15229,7,2880,15229,7,2880,14909,7,2960,14909,7,2960,14749,7,3040,14749,7,3040,14429,7,3120,14429,7,3120,14269,7,3200,14269,7,3200,14109,7,3280,14109,7,3280,13789,8,7280,16109,7,7280,16669,7,7360,16669,7,7360,17309,7,7280,17309,7,7280,17469,7,7200,17469,7,7200,17549,7,7040,17549,7,7040,17629,7,6640,17629,7,6640,17549,7,6400,17549,7,6400,17469,7,6320,17469,7,6320,17389,7,6560,17389,7,6560,17309,7,6320,17309,7,6320,16909,7,6240,16909,7,6240,16589,7,6160,16589,7,6160,16509,7,6080,16509,7,6080,16429,7,6000,16429,7,6000,16269,7,5920,16269,7,5920,16189,7,5840,16189,7,5840,16109,7,5920,16109,7,5920,16029,7,7040,16029,7,7040,16109,7,7280,16109,7,7280,15069,7,7360,15069,7,7360,14749,7,7440,14749,7,7440,14669,7,7520,14669,7,7520,14589,7,7600,14589,7,7600,14509,7,7840,14509,7,7840,14669,7,7920,14669,7,7920,15069,7,8240,15069,7,8240,14989,7,8880,14989,7,8880,14909,7,9280,14909,7,9280,14989,7,9360,14989,7,9360,15629,7,9280,15629,7,9280,15389,7,9200,15389,7,9200,15229,7,9040,15229,7,9040,15149,7,8880,15149,7,8880,15069,7,8640,15069,7,8640,15149,7,8320,15149,7,8320,15229,7,8160,15229,7,8160,15309,7,8080,15309,7,8080,15389,7,8000,15389,7,8000,15549,7,7920,15549,7,7920,15709,7,7840,15709,7,7840,16189,7,7920,16189,7,7920,16349,7,8000,16349,7,8000,16429,7,8160,16429,7,8160,16509,7,8240,16509,7,8240,16589,7,8320,16589,7,8320,16669,7,8880,16669,7,8880,16589,7,9120,16589,7,9120,16509,7,9200,16509,7,9200,17229,7,9120,17229,7,9120,17149,7,9040,17149,7,9040,17069,7,8960,17069,7,8960,17149,7,9040,17149,7,9040,17229,7,9120,17229,7,9120,17309,7,9360,17309,7,9360,17389,7,9440,17389,7,9440,17469,7,9600,17469,7,9600,17549,7,9200,17549,7,9200,17629,7,9040,17629,7,9040,17709,7,8880,17709,7,8880,17789,7,8560,17789,7,8560,17469,7,8640,17469,7,8640,17149,7,8560,17149,7,8560,17469,7,8480,17469,7,8480,17309,7,8400,17309,7,8400,17149,7,8320,17149,7,8320,17069,7,8240,17069,7,8240,16829,7,8080,16829,7,8080,16989,7,8160,16989,7,8160,17309,7,8080,17309,7,8080,17229,7,8000,17229,7,8000,17149,7,7920,17149,7,7920,17069,7,7840,17069,7,7840,16989,7,7760,16989,7,7760,16909,7,7680,16909,7,7680,16749,7,7520,16749,7,7520,16989,7,7440,16989,7,7440,16589,7,7360,16589,7,7360,16109,7,7280,16109,8,8640,15869,7,8640,15949,7,8560,15949,7,8560,16029,7,8720,16029,7,8720,15949,7,8800,15949,7,8800,15869,7,8640,15869,8,9280,16429,7,9200,16429,7,9200,16349,7,9280,16349,7,9280,16429,7,9360,16429,7,9360,15709,7,9440,15709,7,9440,14909,7,9360,14909,7,9360,14589,7,9280,14589,7,9280,14109,7,9200,14109,7,9200,13949,7,9120,13949,7,9120,14109,7,9200,14109,7,9200,14589,7,9280,14589,7,9280,14829,7,8880,14829,7,8880,14909,7,8240,14909,7,8240,14989,7,8000,14989,7,8000,14749,7,8080,14749,7,8080,14589,7,8000,14589,7,8000,14269,7,7920,14269,7,7920,14109,7,7840,14109,7,7840,13869,7,7760,13869,7,7760,13709,7,7840,13709,7,7840,13789,7,8080,13789,7,8080,13869,7,8320,13869,7,8320,13949,7,8480,13949,7,8480,14029,7,8560,14029,7,8560,14109,7,8640,14109,7,8640,14189,7,8720,14189,7,8720,14029,7,8800,14029,7,8800,13949,7,8880,13949,7,8880,13789,7,8960,13789,7,8960,13549,7,9040,13549,7,9040,13309,7,9120,13309,7,9120,13069,7,9200,13069,7,9200,12909,7,9360,12909,7,9360,12989,7,9440,12989,7,9440,13069,7,9520,13069,7,9520,13309,7,9600,13309,7,9600,13469,7,9680,13469,7,9680,13709,7,9760,13709,7,9760,14109,7,9840,14109,7,9840,14269,7,9920,14269,7,9920,14429,7,10000,14429,7,10000,14349,7,10080,14349,7,10080,14189,7,10160,14189,7,10160,13949,7,10240,13949,7,10240,13789,7,10320,13789,7,10320,14189,7,10240,14189,7,10240,14989,7,10160,14989,7,10160,16269,7,10080,16269,7,10080,17229,7,10000,17229,7,10000,17469,7,9920,17469,7,9920,17549,7,9840,17549,7,9840,17469,7,9600,17469,7,9600,17389,7,9440,17389,7,9440,17309,7,9360,17309,7,9360,17229,7,9280,17229,7,9280,16429,8,9920,18189,7,9920,18349,7,10000,18349,7,10000,18429,7,10080,18429,7,10080,18589,7,9920,18589,7,9920,18669,7,9840,18669,7,9840,18749,7,9680,18749,7,9680,18829,7,9600,18829,7,9600,18669,7,9520,18669,7,9520,18429,7,9440,18429,7,9440,18349,7,9600,18349,7,9600,18429,7,9680,18429,7,9680,18269,7,9520,18269,7,9520,18189,7,9440,18189,7,9440,18109,7,9360,18109,7,9360,18029,7,9280,18029,7,9280,17949,7,9200,17949,7,9200,17869,7,9360,17869,7,9360,17789,7,9760,17789,7,9760,18029,7,9840,18029,7,9840,18189,7,9920,18189,8,7680,16909,7,7680,16989,7,7760,16989,7,7760,17069,7,7840,17069,7,7840,17149,7,7920,17149,7,7920,17229,7,8000,17229,7,8000,17309,7,8080,17309,7,8080,17389,7,8160,17389,7,8160,17469,7,8240,17469,7,8240,17149,7,8320,17149,7,8320,17309,7,8400,17309,7,8400,17469,7,8480,17469,7,8480,17949,7,8560,17949,7,8560,17869,7,8880,17869,7,8880,17789,7,9040,17789,7,9040,17709,7,9200,17709,7,9200,17629,7,9600,17629,7,9600,17549,7,9760,17549,7,9760,17629,7,9680,17629,7,9680,17709,7,9360,17709,7,9360,17789,7,9120,17789,7,9120,17949,7,9200,17949,7,9200,18029,7,9280,18029,7,9280,18109,7,9360,18109,7,9360,18269,7,9200,18269,7,9200,18189,7,8960,18189,7,8960,18109,7,8560,18109,7,8560,18029,7,8080,18029,7,8080,18109,7,7920,18109,7,7920,18029,7,7840,18029,7,7840,17869,7,7760,17869,7,7760,17549,7,7680,17549,7,7680,17069,7,7600,17069,7,7600,16909,7,7680,16909,8,10480,14509,7,10800,14509,7,10800,15389,7,10720,15389,7,10720,16669,7,10640,16669,7,10640,17549,7,10320,17549,7,10320,17629,7,10000,17629,7,10000,17549,7,10080,17549,7,10080,17229,7,10160,17229,7,10160,16269,7,10240,16269,7,10240,14989,7,10320,14989,7,10320,14589,7,10480,14589,7,10480,14509,8,9200,15389,7,9200,15629,7,9280,15629,7,9280,16269,7,9200,16269,7,9200,16349,7,9120,16349,7,9120,16509,7,8880,16509,7,8880,16589,7,8320,16589,7,8320,16509,7,8240,16509,7,8240,16429,7,8160,16429,7,8160,16349,7,8000,16349,7,8000,16189,7,7920,16189,7,7920,15709,7,8000,15709,7,8000,15549,7,8080,15549,7,8080,15389,7,8160,15389,7,8160,15309,7,8320,15309,7,8320,15229,7,8640,15229,7,8640,15149,7,8880,15149,7,8880,15229,7,9040,15229,7,9040,15309,7,9120,15309,7,9120,15389,7,9200,15389,8,7920,14669,7,7920,14589,7,8000,14589,7,8000,14669,7,7920,14669,8,6960,14749,7,7120,14749,7,7120,14669,7,7280,14669,7,7280,14589,7,7360,14589,7,7360,14509,7,7520,14509,7,7520,14589,7,7440,14589,7,7440,14669,7,7360,14669,7,7360,14749,7,7280,14749,7,7280,14989,7,7200,14989,7,7200,16029,7,7120,16029,7,7120,15949,7,7040,15949,7,7040,15549,7,6960,15549,7,6960,15069,7,6880,15069,7,6880,14829,7,6960,14829,7,6960,14749,7,6800,14749,7,6800,15069,7,6880,15069,7,6880,15549,7,6960,15549,7,6960,15949,7,5920,15949,7,5920,15709,7,5840,15709,7,5840,15309,7,5760,15309,7,5760,15069,7,5680,15069,7,5680,14989,7,5520,14989,7,5520,14909,7,4560,14909,7,4560,14749,7,4480,14749,7,4480,14589,7,4560,14589,7,4560,14509,7,4480,14509,7,4480,14589,7,4400,14589,7,4400,14429,7,4480,14429,7,4480,14349,7,5200,14349,7,5200,14189,7,5280,14189,7,5280,14029,7,5200,14029,7,5200,13949,7,5120,13949,7,5120,13789,7,5040,13789,7,5040,13709,7,4880,13709,7,4880,13389,7,4960,13389,7,4960,13309,7,5040,13309,7,5040,13229,7,5200,13229,7,5200,13149,7,5280,13149,7,5280,13229,7,5600,13229,7,5600,13309,7,5680,13309,7,5680,13389,7,5760,13389,7,5760,13709,7,5840,13709,7,5840,14029,7,5920,14029,7,5920,14109,7,6000,14109,7,6000,14029,7,6080,14029,7,6080,13949,7,6160,13949,7,6160,13789,7,6240,13789,7,6240,13469,7,6160,13469,7,6160,12829,7,6240,12829,7,6240,12749,7,6640,12749,7,6640,12829,7,6720,12829,7,6720,12989,7,6800,12989,7,6800,13629,7,6720,13629,7,6720,13789,7,6640,13789,7,6640,13869,7,6560,13869,7,6560,14109,7,6480,14109,7,6480,14269,7,6720,14269,7,6720,14189,7,6800,14189,7,6800,14029,7,6880,14029,7,6880,13949,7,6960,13949,7,6960,13869,7,7040,13869,7,7040,13789,7,7360,13789,7,7360,13869,7,7280,13869,7,7280,13949,7,7520,13949,7,7520,14429,7,7360,14429,7,7360,14509,7,7280,14509,7,7280,14589,7,7120,14589,7,7120,14669,7,6960,14669,7,6960,14749,8,7520,13709,7,7600,13709,7,7600,13789,7,7680,13789,7,7680,13869,7,7760,13869,7,7760,14109,7,7840,14109,7,7840,14269,7,7920,14269,7,7920,14509,7,7840,14509,7,7840,14429,7,7600,14429,7,7600,13949,7,7520,13949,7,7520,13869,7,7440,13869,7,7440,13789,7,7520,13789,7,7520,13709,7,7440,13709,7,7440,13789,7,7360,13789,7,7360,13709,7,7040,13709,7,7040,13789,7,6960,13789,7,6960,13869,7,6880,13869,7,6880,13949,7,6800,13949,7,6800,14029,7,6720,14029,7,6720,14189,7,6560,14189,7,6560,14109,7,6640,14109,7,6640,13869,7,6720,13869,7,6720,13789,7,6800,13789,7,6800,13629,7,6880,13629,7,6880,12989,7,6800,12989,7,6800,12829,7,6720,12829,7,6720,12749,7,6640,12749,7,6640,12669,7,6720,12669,7,6720,12589,7,6800,12589,7,6800,12509,7,6880,12509,7,6880,12429,7,6960,12429,7,6960,12509,7,7200,12509,7,7200,12589,7,7280,12589,7,7280,12669,7,7360,12669,7,7360,12749,7,7520,12749,7,7520,12829,7,7680,12829,7,7680,12909,7,7760,12909,7,7760,12989,7,7920,12989,7,7920,13069,7,7840,13069,7,7840,13309,7,7920,13309,7,7920,13389,7,8000,13389,7,8000,13309,7,8080,13309,7,8080,13229,7,8560,13229,7,8560,13309,7,8640,13309,7,8640,13389,7,8560,13389,7,8560,13469,7,8400,13469,7,8400,13549,7,8240,13549,7,8240,13629,7,8160,13629,7,8160,13709,7,7840,13709,7,7840,13629,7,7680,13629,7,7680,13469,7,7760,13469,7,7760,13389,7,7840,13389,7,7840,13309,7,7760,13309,7,7760,13389,7,7680,13389,7,7680,13469,7,7600,13469,7,7600,13549,7,7520,13549,7,7520,13709,8,4480,14749,7,4480,14909,7,4560,14909,7,4560,14989,7,5520,14989,7,5520,15069,7,5680,15069,7,5680,15309,7,5760,15309,7,5760,15709,7,5840,15709,7,5840,15949,7,5600,15949,7,5600,16109,7,5760,16109,7,5760,16189,7,5840,16189,7,5840,16349,7,5920,16349,7,5920,16829,7,5840,16829,7,5840,17309,7,5760,17309,7,5760,17229,7,5600,17229,7,5600,17149,7,5520,17149,7,5520,17069,7,5440,17069,7,5440,16989,7,5360,16989,7,5360,16909,7,5280,16909,7,5280,16829,7,5200,16829,7,5200,16749,7,5120,16749,7,5120,16669,7,5040,16669,7,5040,16589,7,4960,16589,7,4960,16509,7,4880,16509,7,4880,16429,7,4800,16429,7,4800,16269,7,4720,16269,7,4720,16109,7,4640,16109,7,4640,16029,7,4560,16029,7,4560,15949,7,3760,15949,7,3760,15789,7,3840,15789,7,3840,15709,7,3920,15709,7,3920,15629,7,4000,15629,7,4000,15469,7,4080,15469,7,4080,15309,7,4160,15309,7,4160,15149,7,4240,15149,7,4240,14989,7,4320,14989,7,4320,14829,7,4400,14829,7,4400,14749,7,4480,14749,8,6080,11869,7,6080,11949,7,6240,11949,7,6240,12029,7,6400,12029,7,6400,12109,7,6560,12109,7,6560,12189,7,6800,12189,7,6800,12269,7,6720,12269,7,6720,12349,7,6800,12349,7,6800,12509,7,6720,12509,7,6720,12589,7,6640,12589,7,6640,12669,7,6240,12669,7,6240,12749,7,6160,12749,7,6160,12829,7,6080,12829,7,6080,13469,7,6160,13469,7,6160,13789,7,6080,13789,7,6080,13949,7,5920,13949,7,5920,13709,7,5840,13709,7,5840,13389,7,5760,13389,7,5760,13309,7,5680,13309,7,5680,13229,7,5600,13229,7,5600,13149,7,5280,13149,7,5280,13069,7,5200,13069,7,5200,13149,7,5040,13149,7,5040,13229,7,4880,13229,7,4880,13389,7,4800,13389,7,4800,13709,7,4880,13709,7,4880,13789,7,5040,13789,7,5040,13949,7,5120,13949,7,5120,14029,7,5200,14029,7,5200,14189,7,5120,14189,7,5120,14269,7,4480,14269,7,4480,14349,7,4400,14349,7,4400,14429,7,4320,14429,7,4320,14669,7,4400,14669,7,4400,14749,7,4320,14749,7,4320,14829,7,4240,14829,7,4240,14989,7,4160,14989,7,4160,15149,7,4080,15149,7,4080,15309,7,4000,15309,7,4000,15469,7,3920,15469,7,3920,15629,7,3680,15629,7,3680,15549,7,3440,15549,7,3440,15469,7,3280,15469,7,3280,15389,7,3360,15389,7,3360,15149,7,3440,15149,7,3440,14989,7,3520,14989,7,3520,14829,7,3600,14829,7,3600,14669,7,3680,14669,7,3680,14589,7,3760,14589,7,3760,14429,7,3840,14429,7,3840,14269,7,3920,14269,7,3920,14109,7,4000,14109,7,4000,13949,7,4080,13949,7,4080,13869,7,4160,13869,7,4160,13709,7,4240,13709,7,4240,13469,7,4320,13469,7,4320,13309,7,4400,13309,7,4400,13149,7,4480,13149,7,4480,12989,7,4560,12989,7,4560,12829,7,4640,12829,7,4640,12669,7,4720,12669,7,4720,12509,7,4800,12509,7,4800,12349,7,4880,12349,7,4880,12189,7,4960,12189,7,4960,11949,7,5040,11949,7,5040,11789,7,5120,11789,7,5120,11629,7,5200,11629,7,5200,11549,7,5280,11549,7,5280,11629,7,5520,11629,7,5520,11709,7,5680,11709,7,5680,11789,7,5840,11789,7,5840,11869,7,6080,11869,8,6160,16589,7,6160,16909,7,6240,16909,7,6240,17229,7,6000,17229,7,6000,17149,7,5920,17149,7,5920,16829,7,6000,16829,7,6000,16509,7,6080,16509,7,6080,16589,7,6160,16589,8,5840,16109,7,5760,16109,7,5760,16029,7,5840,16029,7,5840,16109,5,3,5,0,127,[4,0,0,4,2740,11320],false,false,8,2740,11320,7,10900,11320,7,10900,18920,7,2740,18920,7,2740,11320,5]},{"type":4,"id":17,"commands":[3,5,1,16777215,1,8,4383,0,7,4463,0,7,4463,80,7,4383,80,7,4383,0,5]},{"type":5,"id":128,"frames":[{"objects":[{"type":0,"depth":0,"symbol":127,"clipDepth":0,"id":0,"visible":true,"matrix":[4,0,0,4,2720,0]},{"type":0,"depth":1,"symbol":127,"clipDepth":0,"id":1,"visible":true,"matrix":[4,0,0,4,2720,0]}]}]},{"type":5,"id":16,"frames":[{"objects":[{"type":0,"depth":0,"symbol":15,"clipDepth":0,"id":0,"visible":true,"matrix":[4,0,0,4,-480,80]}]}]},{"path":"symbols/127.png","type":0,"id":127,"smooth":false},{"path":"symbols/15.png","type":0,"id":15,"smooth":false},{"type":4,"id":126,"commands":[3,5,1,16777215,0,8,-2506,-1446,7,17252,-1446,7,17252,34022,7,-2506,34022,7,-2506,-1446,5]},{"type":5,"id":14,"frames":[{"objects":[{"type":0,"depth":0,"symbol":13,"clipDepth":0,"id":0,"visible":true,"matrix":[4,0,0,4,-560,160]}]}]},{"type":5,"className":"HEY","baseClassName":null,"id":125,"frames":[{"objects":[{"name":null,"type":0,"depth":1,"symbol":2,"clipDepth":0,"id":0,"matrix":[0.9940185546875,-0.10845947265625,0.10845947265625,0.9940185546875,702,4714]},{"name":null,"type":0,"depth":2,"symbol":4,"clipDepth":0,"id":1,"matrix":[-0.91937255859375,-0.389328002929688,0.384201049804688,-0.92156982421875,3720,8760]},{"name":null,"type":0,"depth":3,"symbol":6,"clipDepth":0,"id":2,"matrix":[1.04042053222656,-0.09124755859375,0.09124755859375,1.04042053222656,2436,4729]},{"name":null,"type":0,"depth":4,"symbol":8,"clipDepth":0,"id":3,"matrix":[0.96942138671875,0,0.02001953125,1.0538330078125,1359,4317]},{"name":null,"type":0,"depth":5,"symbol":10,"clipDepth":0,"id":4,"matrix":[1.04261779785156,-0.060821533203125,0.060821533203125,1.04261779785156,2423,4614]},{"name":null,"type":0,"depth":6,"symbol":12,"clipDepth":0,"id":5,"matrix":[0.96978759765625,0.243820190429688,-0.243820190429688,0.96978759765625,2769,408]},{"name":null,"type":0,"depth":7,"symbol":118,"clipDepth":0,"id":6,"matrix":[0.97369384765625,0.22760009765625,-0.235397338867188,0.97186279296875,4124,1730]},{"name":null,"type":0,"depth":8,"symbol":120,"clipDepth":0,"id":7,"matrix":[1.41400146484375,0.282196044921875,-0.282196044921875,1.41400146484375,6047,2864]}]},{},{"objects":[{"name":null,"type":1,"depth":1,"symbol":2,"clipDepth":0,"id":0,"matrix":[0.932281494140625,-0.361572265625,0.361572265625,0.932281494140625,798,5647]},{"name":null,"type":1,"depth":2,"symbol":4,"clipDepth":0,"id":1,"matrix":[-0.709518432617188,-0.702484130859375,0.698532104492188,-0.71343994140625,3008,9062]},{"name":null,"type":1,"depth":4,"symbol":8,"clipDepth":0,"id":3,"matrix":[0.968246459960938,0,0.021728515625,1.02755737304688,1355,4447]},{"name":null,"type":1,"depth":6,"symbol":12,"clipDepth":0,"id":5,"matrix":[0.9766845703125,0.214508056640625,-0.214508056640625,0.9766845703125,2520,684]},{"name":null,"type":0,"depth":7,"symbol":122,"clipDepth":0,"id":14,"matrix":[0.9801025390625,0.19818115234375,-0.206024169921875,0.978515625,3941,2125]},{"name":null,"type":1,"depth":8,"symbol":120,"clipDepth":0,"id":7,"matrix":[1.00912475585938,0.362091064453125,-0.362091064453125,1.00912475585938,6681,3666]},{"type":2,"id":6}]},{},{"objects":[{"name":null,"type":1,"depth":1,"symbol":2,"clipDepth":0,"id":0,"matrix":[0.901290893554688,-0.433074951171875,0.433074951171875,0.901290893554688,874,5897]},{"name":null,"type":1,"depth":2,"symbol":4,"clipDepth":0,"id":1,"matrix":[-0.587982177734375,-0.80694580078125,0.803680419921875,-0.59246826171875,2703,8958]},{"name":null,"type":1,"depth":4,"symbol":8,"clipDepth":0,"id":3,"matrix":[0.976348876953125,0,0.028839111328125,1.021728515625,1292,4475]},{"name":null,"type":1,"depth":6,"symbol":12,"clipDepth":0,"id":5,"matrix":[0.994552612304688,0.104049682617188,-0.104049682617188,0.994552612304688,2026,1212]},{"name":null,"type":0,"depth":7,"symbol":124,"clipDepth":0,"id":22,"matrix":[0.996124267578125,0.0874481201171875,-0.0954132080078125,0.99542236328125,3431,2822]},{"name":null,"type":1,"depth":8,"symbol":120,"clipDepth":0,"id":7,"matrix":[1.08970642089844,0.21746826171875,-0.21746826171875,1.08970642089844,6283,3765]},{"type":2,"id":14}]},{},{"objects":[{"name":null,"type":1,"depth":1,"symbol":2,"clipDepth":0,"id":0,"matrix":[0.9083251953125,-0.418075561523438,0.418075561523438,0.9083251953125,856,5830]},{"name":null,"type":1,"depth":2,"symbol":4,"clipDepth":0,"id":1,"matrix":[-0.566680908203125,-0.822006225585938,0.81884765625,-0.571273803710938,2581,8906]},{"name":null,"type":1,"depth":4,"symbol":8,"clipDepth":0,"id":3,"matrix":[0.96795654296875,0,0.0289154052734375,1.02450561523438,1320,4464]},{"name":null,"type":1,"depth":6,"symbol":12,"clipDepth":0,"id":5,"matrix":[0.99981689453125,0.0143280029296875,-0.0143280029296875,0.99981689453125,1681,1490]},{"name":null,"type":1,"depth":7,"symbol":124,"clipDepth":0,"id":22,"matrix":[0.999908447265625,-0.0023345947265625,-0.005645751953125,0.99993896484375,3237,3202]},{"name":null,"type":1,"depth":8,"symbol":120,"clipDepth":0,"id":7,"matrix":[1.0931396484375,0.199371337890625,-0.197601318359375,1.09344482421875,6227,3740]}]},{},{"objects":[{"name":null,"type":1,"depth":2,"symbol":4,"clipDepth":0,"id":1,"matrix":[-0.577728271484375,-0.814254760742188,0.81103515625,-0.582275390625,2590,8933]},{"name":null,"type":1,"depth":6,"symbol":12,"clipDepth":0,"id":5,"matrix":[0.999908447265625,0.001983642578125,-0.001983642578125,0.999908447265625,1641,1533]},{"name":null,"type":1,"depth":7,"symbol":124,"clipDepth":0,"id":22,"matrix":[0.999801635742188,-0.0146636962890625,0.006683349609375,0.999923706054688,3125,3196]},{"name":null,"type":1,"depth":8,"symbol":120,"clipDepth":0,"id":7,"matrix":[1.0931396484375,0.199371337890625,-0.197601318359375,1.09344482421875,6240,3714]}]},{},{},{},{},{},{},{},{},{},{},{},{},{},{},{},{},{}]},{"path":"symbols/13.png","type":0,"id":13,"smooth":false},{"type":5,"id":12,"frames":[{"objects":[{"type":0,"depth":0,"symbol":11,"clipDepth":0,"id":0,"visible":true,"matrix":[4,0,0,4,-80,-400]}]}]},{"type":5,"id":124,"frames":[{"objects":[{"type":0,"depth":0,"symbol":123,"clipDepth":0,"id":0,"visible":true,"matrix":[4,0,0,4,-320,-1120]}]}]},{"path":"symbols/11.png","type":0,"id":11,"smooth":false},{"path":"symbols/123.png","type":0,"id":123,"smooth":false},{"type":5,"id":10,"frames":[{"objects":[{"type":0,"depth":0,"symbol":9,"clipDepth":0,"id":0,"visible":true,"matrix":[4,0,0,4,3280,-240]}]}]},{"type":5,"id":122,"frames":[{"objects":[{"type":0,"depth":0,"symbol":121,"clipDepth":0,"id":0,"visible":true,"matrix":[4,0,0,4,-240,-1120]}]}]},{"path":"symbols/9.png","type":0,"id":9,"smooth":false},{"path":"symbols/121.png","type":0,"id":121,"smooth":false},{"type":5,"id":8,"frames":[{"objects":[{"type":0,"depth":0,"symbol":7,"clipDepth":0,"id":0,"visible":true,"matrix":[4,0,0,4,0,-640]}]}]},{"type":5,"id":120,"frames":[{"objects":[{"type":0,"depth":0,"symbol":119,"clipDepth":0,"id":0,"visible":true,"matrix":[4,0,0,4,-640,80]}]}]},{"path":"symbols/7.png","type":0,"id":7,"smooth":false},{"path":"symbols/119.png","type":0,"id":119,"smooth":false},{"type":5,"id":6,"frames":[{"objects":[{"type":0,"depth":0,"symbol":5,"clipDepth":0,"id":0,"visible":true,"matrix":[4,0,0,4,3200,320]}]}]},{"type":5,"id":118,"frames":[{"objects":[{"type":0,"depth":0,"symbol":117,"clipDepth":0,"id":0,"visible":true,"matrix":[4,0,0,4,-80,-1120]}]}]},{"path":"symbols/5.png","type":0,"id":5,"smooth":false},{"path":"symbols/117.png","type":0,"id":117,"smooth":false},{"type":5,"id":4,"frames":[{"objects":[{"type":0,"depth":0,"symbol":3,"clipDepth":0,"id":0,"visible":true,"matrix":[4,0,0,4,400,80]}]}]},{"type":5,"className":"idle","baseClassName":null,"id":116,"frames":[{"objects":[{"name":null,"type":0,"depth":1,"symbol":2,"clipDepth":0,"id":0,"matrix":[0.982162475585938,0.1859130859375,-0.1859130859375,0.982162475585938,728,3161]},{"name":null,"type":0,"depth":2,"symbol":4,"clipDepth":0,"id":1,"matrix":[-0.131072998046875,-0.989913940429688,0.989913940429688,-0.131072998046875,747,7531]},{"name":null,"type":0,"depth":3,"symbol":6,"clipDepth":0,"id":2,"matrix":[1.04345703125,0.045318603515625,-0.045318603515625,1.04345703125,2265,3706]},{"name":null,"type":0,"depth":4,"symbol":8,"clipDepth":0,"id":3,"matrix":[1.04631042480469,0,0.06695556640625,0.98236083984375,637,3801]},{"name":null,"type":0,"depth":5,"symbol":10,"clipDepth":0,"id":4,"matrix":[1.04429626464844,-0.017791748046875,0.017791748046875,1.04429626464844,2259,3929]},{"name":null,"type":0,"depth":6,"symbol":12,"clipDepth":0,"id":5,"matrix":[0.996429443359375,-0.08343505859375,0.089752197265625,0.99530029296875,1128,1027]},{"name":null,"type":0,"depth":7,"symbol":111,"clipDepth":0,"id":6,"matrix":[0.998504638671875,0.0040130615234375,-0.00830078125,1.00070190429688,2664,2456]}]},{},{"objects":[{"name":null,"type":1,"depth":1,"symbol":2,"clipDepth":0,"id":0,"matrix":[0.995361328125,0.0912322998046875,-0.0912322998046875,0.995361328125,620,3492]},{"name":null,"type":1,"depth":2,"symbol":4,"clipDepth":0,"id":1,"matrix":[-0.23248291015625,-0.971115112304688,0.971115112304688,-0.23248291015625,987,7682]},{"name":null,"type":1,"depth":3,"symbol":6,"clipDepth":0,"id":2,"matrix":[1.04441833496094,0.0009765625,-0.0009765625,1.04441833496094,2299,3841]},{"name":null,"type":1,"depth":4,"symbol":8,"clipDepth":0,"id":3,"matrix":[1.02992248535156,0,0.028228759765625,0.99090576171875,853,3763]},{"name":null,"type":1,"depth":5,"symbol":10,"clipDepth":0,"id":4,"matrix":[1.04229736328125,-0.0665130615234375,0.0665130615234375,1.04229736328125,2304,4079]},{"name":null,"type":1,"depth":6,"symbol":12,"clipDepth":0,"id":5,"matrix":[0.991256713867188,-0.12835693359375,0.131576538085938,0.9908447265625,1249,1270]},{"name":null,"type":1,"depth":7,"symbol":111,"clipDepth":0,"id":6,"matrix":[1.0384521484375,-0.04449462890625,0.0555419921875,0.968963623046875,2668,2633]}]},{},{"objects":[{"name":null,"type":1,"depth":1,"symbol":2,"clipDepth":0,"id":0,"matrix":[0.998046875,0.051483154296875,-0.051483154296875,0.998046875,670,3560]},{"name":null,"type":1,"depth":2,"symbol":4,"clipDepth":0,"id":1,"matrix":[-0.478866577148438,-0.876251220703125,0.876251220703125,-0.478866577148438,1884,7852]},{"name":null,"type":1,"depth":3,"symbol":6,"clipDepth":0,"id":2,"matrix":[1.02288818359375,-0.211044311523438,0.211044311523438,1.02288818359375,2275,4464]},{"name":null,"type":1,"depth":4,"symbol":8,"clipDepth":0,"id":3,"matrix":[0.9993896484375,0,0.0171051025390625,1.0042724609375,1021,3707]},{"name":null,"type":1,"depth":5,"symbol":10,"clipDepth":0,"id":4,"matrix":[1.02288818359375,-0.211044311523438,0.211044311523438,1.02288818359375,2275,4464]},{"name":null,"type":1,"depth":6,"symbol":12,"clipDepth":0,"id":5,"matrix":[0.99249267578125,-0.11767578125,0.10418701171875,0.993896484375,1431,1151]},{"name":null,"type":0,"depth":7,"symbol":113,"clipDepth":0,"id":24,"matrix":[1.06744384765625,-0.170700073242188,0.10247802734375,0.944992065429688,2811,2639]},{"type":2,"id":6}]},{},{"objects":[{"name":null,"type":1,"depth":1,"symbol":2,"clipDepth":0,"id":0,"matrix":[0.98553466796875,-0.1689453125,0.1689453125,0.98553466796875,600,4030]},{"name":null,"type":1,"depth":2,"symbol":4,"clipDepth":0,"id":1,"matrix":[-0.385299682617188,-0.921173095703125,0.921173095703125,-0.385299682617188,1924,7616]},{"name":null,"type":1,"depth":3,"symbol":6,"clipDepth":0,"id":2,"matrix":[1.03448486328125,-0.143768310546875,0.143768310546875,1.03448486328125,2216,4093]},{"name":null,"type":1,"depth":4,"symbol":8,"clipDepth":0,"id":3,"matrix":[0.98828125,0,0.0179901123046875,1.012451171875,1047,3674]},{"name":null,"type":1,"depth":5,"symbol":10,"clipDepth":0,"id":4,"matrix":[1.039306640625,-0.103256225585938,0.103256225585938,1.039306640625,2200,3949]},{"name":null,"type":1,"depth":6,"symbol":12,"clipDepth":0,"id":5,"matrix":[0.999725341796875,-0.0230255126953125,0.0091094970703125,0.999862670898438,1735,606]},{"name":null,"type":1,"depth":7,"symbol":113,"clipDepth":0,"id":24,"matrix":[0.946212768554688,-0.056182861328125,0.0816802978515625,1.01446533203125,3294,2065]}]},{},{"objects":[{"name":null,"type":1,"depth":1,"symbol":2,"clipDepth":0,"id":0,"matrix":[0.99322509765625,-0.116058349609375,0.116058349609375,0.99322509765625,537,3843]},{"name":null,"type":1,"depth":2,"symbol":4,"clipDepth":0,"id":1,"matrix":[-0.087860107421875,-0.994613647460938,0.994613647460938,-0.087860107421875,1168,7013]},{"name":null,"type":1,"depth":3,"symbol":6,"clipDepth":0,"id":2,"matrix":[1.03923034667969,-0.104095458984375,0.104095458984375,1.03923034667969,2192,3928]},{"name":null,"type":1,"depth":4,"symbol":8,"clipDepth":0,"id":3,"matrix":[0.979705810546875,0,0.0271148681640625,1.01832580566406,1039,3650]},{"name":null,"type":1,"depth":5,"symbol":10,"clipDepth":0,"id":4,"matrix":[1.04246520996094,-0.0638427734375,0.0638427734375,1.04246520996094,2182,3785]},{"name":null,"type":1,"depth":6,"symbol":12,"clipDepth":0,"id":5,"matrix":[1,0,0,1,1673,489]},{"name":null,"type":0,"depth":7,"symbol":115,"clipDepth":0,"id":42,"matrix":[0.999679565429688,0.025299072265625,-0.03631591796875,0.999374389648438,3266,1902]},{"type":2,"id":24}]},{},{"objects":[{"name":null,"type":1,"depth":1,"symbol":2,"clipDepth":0,"id":0,"matrix":[0.997894287109375,-0.0647430419921875,0.0647430419921875,0.997894287109375,541,3670]},{"name":null,"type":1,"depth":2,"symbol":4,"clipDepth":0,"id":1,"matrix":[-0.128936767578125,-0.990158081054688,0.989410400390625,-0.13446044921875,1116,7042]},{"name":null,"type":1,"depth":3,"symbol":6,"clipDepth":0,"id":2,"matrix":[1.04042053222656,-0.09124755859375,0.09124755859375,1.04042053222656,2188,3891]},{"name":null,"type":1,"depth":4,"symbol":8,"clipDepth":0,"id":3,"matrix":[0.976348876953125,0,0.028839111328125,1.021728515625,1044,3637]},{"name":null,"type":1,"depth":5,"symbol":10,"clipDepth":0,"id":4,"matrix":[1.04261779785156,-0.060821533203125,0.060821533203125,1.04261779785156,2175,3776]},{"name":null,"type":1,"depth":6,"symbol":12,"clipDepth":0,"id":5,"matrix":[0.999969482421875,0.0077972412109375,-0.0077972412109375,0.999969482421875,1665,455]},{"name":null,"type":1,"depth":7,"symbol":115,"clipDepth":0,"id":42,"matrix":[0.999755859375,0.0213775634765625,-0.0213775634765625,0.999755859375,3226,1885]}]},{},{"objects":[{"name":null,"type":1,"depth":1,"symbol":2,"clipDepth":0,"id":0,"matrix":[0.99920654296875,-0.03887939453125,0.03887939453125,0.99920654296875,547,3583]},{"name":null,"type":1,"depth":2,"symbol":4,"clipDepth":0,"id":1,"matrix":[-0.141143798828125,-0.98846435546875,0.9876708984375,-0.146652221679688,1128,7062]},{"name":null,"type":1,"depth":6,"symbol":12,"clipDepth":0,"id":5,"matrix":[0.999969482421875,0.0077972412109375,-0.0077972412109375,0.999969482421875,1645,465]},{"name":null,"type":0,"depth":7,"symbol":111,"clipDepth":0,"id":57,"matrix":[0.99993896484375,-0.0088653564453125,0.0008697509765625,1,3198,1932]},{"type":2,"id":42}]},{}]},{"path":"symbols/3.png","type":0,"id":3,"smooth":false},{"type":5,"id":115,"frames":[{"objects":[{"type":0,"depth":0,"symbol":114,"clipDepth":0,"id":0,"visible":true,"matrix":[4,0,0,4,-320,-560]}]}]},{"type":5,"id":2,"frames":[{"objects":[{"type":0,"depth":0,"symbol":1,"clipDepth":0,"id":0,"visible":true,"matrix":[4,0,0,4,1760,-160]}]}]},{"path":"symbols/114.png","type":0,"id":114,"smooth":false},{"path":"symbols/1.png","type":0,"id":1,"smooth":false},{"type":5,"id":113,"frames":[{"objects":[{"type":0,"depth":0,"symbol":112,"clipDepth":0,"id":0,"visible":true,"matrix":[4,0,0,4,-320,-640]}]}]},{"path":"symbols/112.png","type":0,"id":112,"smooth":false}],"frameRate":24}