{"name":null,"assets":[{"path":"symbols/127.png","type":"IMAGE"},{"path":"symbols/130.png","type":"IMAGE"},{"path":"symbols/132.png","type":"IMAGE"},{"path":"symbols/134.png","type":"IMAGE"},{"path":"symbols/136.png","type":"IMAGE"},{"path":"symbols/138.png","type":"IMAGE"},{"path":"symbols/140.png","type":"IMAGE"},{"path":"symbols/142.png","type":"IMAGE"},{"path":"symbols/144.png","type":"IMAGE"},{"path":"symbols/146.png","type":"IMAGE"},{"path":"symbols/148.png","type":"IMAGE"},{"path":"symbols/151.png","type":"IMAGE"},{"path":"symbols/150.png","type":"IMAGE"},{"path":"symbols/153.png","type":"IMAGE"},{"path":"symbols/1.png","type":"IMAGE"},{"path":"symbols/3.png","type":"IMAGE"},{"path":"symbols/155.png","type":"IMAGE"},{"path":"symbols/157.png","type":"IMAGE"},{"path":"symbols/159.png","type":"IMAGE"},{"path":"symbols/9.png","type":"IMAGE"},{"path":"symbols/11.png","type":"IMAGE"},{"path":"symbols/110.png","type":"IMAGE"},{"path":"symbols/161.png","type":"IMAGE"},{"path":"symbols/112.png","type":"IMAGE"},{"path":"symbols/163.png","type":"IMAGE"},{"path":"symbols/114.png","type":"IMAGE"},{"path":"symbols/5.png","type":"IMAGE"},{"path":"symbols/7.png","type":"IMAGE"},{"path":"symbols/117.png","type":"IMAGE"},{"path":"symbols/119.png","type":"IMAGE"},{"path":"symbols/121.png","type":"IMAGE"},{"path":"symbols/123.png","type":"IMAGE"},{"path":"symbols/70.png","type":"IMAGE"},{"path":"symbols/72.png","type":"IMAGE"},{"path":"symbols/75.png","type":"IMAGE"},{"path":"symbols/77.png","type":"IMAGE"},{"path":"symbols/57.png","type":"IMAGE"},{"path":"symbols/79.png","type":"IMAGE"},{"path":"symbols/82.png","type":"IMAGE"},{"path":"symbols/105.png","type":"IMAGE"},{"path":"symbols/107.png","type":"IMAGE"},{"path":"symbols/55.png","type":"IMAGE"},{"path":"symbols/59.png","type":"IMAGE"},{"path":"symbols/62.png","type":"IMAGE"},{"path":"symbols/100.png","type":"IMAGE"},{"path":"symbols/102.png","type":"IMAGE"},{"path":"symbols/43.png","type":"IMAGE"},{"path":"symbols/46.png","type":"IMAGE"},{"path":"symbols/48.png","type":"IMAGE"},{"path":"symbols/95.png","type":"IMAGE"},{"path":"symbols/97.png","type":"IMAGE"},{"path":"symbols/28.png","type":"IMAGE"},{"path":"symbols/30.png","type":"IMAGE"},{"path":"symbols/33.png","type":"IMAGE"},{"path":"symbols/32.png","type":"IMAGE"},{"path":"symbols/36.png","type":"IMAGE"},{"path":"symbols/90.png","type":"IMAGE"},{"path":"symbols/92.png","type":"IMAGE"},{"path":"symbols/85.png","type":"IMAGE"},{"path":"symbols/87.png","type":"IMAGE"},{"path":"symbols/65.png","type":"IMAGE"},{"path":"symbols/67.png","type":"IMAGE"},{"path":"symbols/50.png","type":"IMAGE"},{"path":"symbols/52.png","type":"IMAGE"},{"path":"symbols/38.png","type":"IMAGE"},{"path":"symbols/40.png","type":"IMAGE"},{"path":"symbols/25.png","type":"IMAGE"},{"path":"symbols/13.png","type":"IMAGE"},{"path":"symbols/15.png","type":"IMAGE"},{"path":"symbols/18.png","type":"IMAGE"},{"path":"symbols/20.png","type":"IMAGE"},{"path":"symbols/22.png","type":"IMAGE"},{"path":"data.json","type":"TEXT"}],"rootPath":null,"version":3,"libraryArgs":["data.json","VGGzeT4dqooJKPRDmvPI"],"libraryType":"swf.exporters.animate.AnimateLibrary"}