{"name":null,"assets":[{"path":"symbols/725.png","type":"IMAGE"},{"path":"symbols/728.png","type":"IMAGE"},{"path":"symbols/731.png","type":"IMAGE"},{"path":"symbols/830.png","type":"IMAGE"},{"path":"symbols/735.png","type":"IMAGE"},{"path":"symbols/738.png","type":"IMAGE"},{"path":"symbols/741.png","type":"IMAGE"},{"path":"symbols/744.png","type":"IMAGE"},{"path":"symbols/765.png","type":"IMAGE"},{"path":"symbols/824.png","type":"IMAGE"},{"path":"symbols/826.png","type":"IMAGE"},{"path":"symbols/785.png","type":"IMAGE"},{"path":"symbols/755.png","type":"IMAGE"},{"path":"symbols/884.png","type":"IMAGE"},{"path":"symbols/887.png","type":"IMAGE"},{"path":"symbols/890.png","type":"IMAGE"},{"path":"symbols/893.png","type":"IMAGE"},{"path":"symbols/896.png","type":"IMAGE"},{"path":"symbols/865.png","type":"IMAGE"},{"path":"symbols/853.png","type":"IMAGE"},{"path":"symbols/856.png","type":"IMAGE"},{"path":"symbols/819.png","type":"IMAGE"},{"path":"symbols/821.png","type":"IMAGE"},{"path":"symbols/790.png","type":"IMAGE"},{"path":"symbols/846.png","type":"IMAGE"},{"path":"symbols/814.png","type":"IMAGE"},{"path":"symbols/816.png","type":"IMAGE"},{"path":"symbols/838.png","type":"IMAGE"},{"path":"symbols/843.png","type":"IMAGE"},{"path":"symbols/842.png","type":"IMAGE"},{"path":"symbols/841.png","type":"IMAGE"},{"path":"symbols/840.png","type":"IMAGE"},{"path":"symbols/809.png","type":"IMAGE"},{"path":"symbols/811.png","type":"IMAGE"},{"path":"symbols/833.png","type":"IMAGE"},{"path":"symbols/804.png","type":"IMAGE"},{"path":"symbols/806.png","type":"IMAGE"},{"path":"symbols/858.png","type":"IMAGE"},{"path":"symbols/848.png","type":"IMAGE"},{"path":"symbols/835.png","type":"IMAGE"},{"path":"symbols/722.png","type":"IMAGE"},{"path":"symbols/771.png","type":"IMAGE"},{"path":"symbols/794.png","type":"IMAGE"},{"path":"symbols/796.png","type":"IMAGE"},{"path":"symbols/799.png","type":"IMAGE"},{"path":"symbols/777.png","type":"IMAGE"},{"path":"symbols/780.png","type":"IMAGE"},{"path":"symbols/783.png","type":"IMAGE"},{"path":"symbols/761.png","type":"IMAGE"},{"path":"symbols/769.png","type":"IMAGE"},{"path":"symbols/752.png","type":"IMAGE"},{"path":"symbols/747.png","type":"IMAGE"},{"path":"symbols/750.png","type":"IMAGE"},{"path":"symbols/801.png","type":"IMAGE"},{"path":"symbols/788.png","type":"IMAGE"},{"path":"symbols/774.png","type":"IMAGE"},{"path":"symbols/758.png","type":"IMAGE"},{"path":"symbols/684.png","type":"IMAGE"},{"path":"symbols/687.png","type":"IMAGE"},{"path":"symbols/690.png","type":"IMAGE"},{"path":"symbols/694.png","type":"IMAGE"},{"path":"symbols/697.png","type":"IMAGE"},{"path":"symbols/700.png","type":"IMAGE"},{"path":"symbols/703.png","type":"IMAGE"},{"path":"symbols/708.png","type":"IMAGE"},{"path":"symbols/711.png","type":"IMAGE"},{"path":"symbols/715.png","type":"IMAGE"},{"path":"symbols/718.png","type":"IMAGE"},{"path":"symbols/593.png","type":"IMAGE"},{"path":"symbols/596.png","type":"IMAGE"},{"path":"symbols/598.png","type":"IMAGE"},{"path":"symbols/600.png","type":"IMAGE"},{"path":"symbols/603.png","type":"IMAGE"},{"path":"symbols/602.png","type":"IMAGE"},{"path":"symbols/605.png","type":"IMAGE"},{"path":"symbols/607.png","type":"IMAGE"},{"path":"symbols/609.png","type":"IMAGE"},{"path":"symbols/611.png","type":"IMAGE"},{"path":"symbols/613.png","type":"IMAGE"},{"path":"symbols/615.png","type":"IMAGE"},{"path":"symbols/617.png","type":"IMAGE"},{"path":"symbols/619.png","type":"IMAGE"},{"path":"symbols/621.png","type":"IMAGE"},{"path":"symbols/623.png","type":"IMAGE"},{"path":"symbols/625.png","type":"IMAGE"},{"path":"symbols/627.png","type":"IMAGE"},{"path":"symbols/629.png","type":"IMAGE"},{"path":"symbols/631.png","type":"IMAGE"},{"path":"symbols/633.png","type":"IMAGE"},{"path":"symbols/635.png","type":"IMAGE"},{"path":"symbols/637.png","type":"IMAGE"},{"path":"symbols/639.png","type":"IMAGE"},{"path":"symbols/641.png","type":"IMAGE"},{"path":"symbols/643.png","type":"IMAGE"},{"path":"symbols/645.png","type":"IMAGE"},{"path":"symbols/647.png","type":"IMAGE"},{"path":"symbols/649.png","type":"IMAGE"},{"path":"symbols/651.png","type":"IMAGE"},{"path":"symbols/653.png","type":"IMAGE"},{"path":"symbols/655.png","type":"IMAGE"},{"path":"symbols/657.png","type":"IMAGE"},{"path":"symbols/659.png","type":"IMAGE"},{"path":"symbols/661.png","type":"IMAGE"},{"path":"symbols/663.png","type":"IMAGE"},{"path":"symbols/665.png","type":"IMAGE"},{"path":"symbols/667.png","type":"IMAGE"},{"path":"symbols/669.png","type":"IMAGE"},{"path":"symbols/671.png","type":"IMAGE"},{"path":"symbols/673.png","type":"IMAGE"},{"path":"symbols/675.png","type":"IMAGE"},{"path":"symbols/677.png","type":"IMAGE"},{"path":"symbols/679.png","type":"IMAGE"},{"path":"symbols/587.png","type":"IMAGE"},{"path":"symbols/589.png","type":"IMAGE"},{"path":"symbols/581.png","type":"IMAGE"},{"path":"symbols/583.png","type":"IMAGE"},{"path":"symbols/575.png","type":"IMAGE"},{"path":"symbols/577.png","type":"IMAGE"},{"path":"symbols/569.png","type":"IMAGE"},{"path":"symbols/571.png","type":"IMAGE"},{"path":"symbols/560.png","type":"IMAGE"},{"path":"symbols/559.png","type":"IMAGE"},{"path":"symbols/563.png","type":"IMAGE"},{"path":"symbols/562.png","type":"IMAGE"},{"path":"symbols/566.png","type":"IMAGE"},{"path":"symbols/565.png","type":"IMAGE"},{"path":"symbols/407.png","type":"IMAGE"},{"path":"symbols/410.png","type":"IMAGE"},{"path":"symbols/413.png","type":"IMAGE"},{"path":"symbols/416.png","type":"IMAGE"},{"path":"symbols/419.png","type":"IMAGE"},{"path":"symbols/427.png","type":"IMAGE"},{"path":"symbols/466.png","type":"IMAGE"},{"path":"symbols/468.png","type":"IMAGE"},{"path":"symbols/470.png","type":"IMAGE"},{"path":"symbols/472.png","type":"IMAGE"},{"path":"symbols/474.png","type":"IMAGE"},{"path":"symbols/476.png","type":"IMAGE"},{"path":"symbols/478.png","type":"IMAGE"},{"path":"symbols/480.png","type":"IMAGE"},{"path":"symbols/482.png","type":"IMAGE"},{"path":"symbols/461.png","type":"IMAGE"},{"path":"symbols/463.png","type":"IMAGE"},{"path":"symbols/457.png","type":"IMAGE"},{"path":"symbols/451.png","type":"IMAGE"},{"path":"symbols/453.png","type":"IMAGE"},{"path":"symbols/446.png","type":"IMAGE"},{"path":"symbols/448.png","type":"IMAGE"},{"path":"symbols/439.png","type":"IMAGE"},{"path":"symbols/441.png","type":"IMAGE"},{"path":"symbols/430.png","type":"IMAGE"},{"path":"symbols/432.png","type":"IMAGE"},{"path":"symbols/434.png","type":"IMAGE"},{"path":"symbols/436.png","type":"IMAGE"},{"path":"symbols/422.png","type":"IMAGE"},{"path":"symbols/102.png","type":"IMAGE"},{"path":"symbols/400.png","type":"IMAGE"},{"path":"symbols/71.png","type":"IMAGE"},{"path":"symbols/402.png","type":"IMAGE"},{"path":"symbols/83.png","type":"IMAGE"},{"path":"symbols/404.png","type":"IMAGE"},{"path":"symbols/379.png","type":"IMAGE"},{"path":"symbols/377.png","type":"IMAGE"},{"path":"symbols/127.png","type":"IMAGE"},{"path":"symbols/393.png","type":"IMAGE"},{"path":"symbols/392.png","type":"IMAGE"},{"path":"symbols/396.png","type":"IMAGE"},{"path":"symbols/395.png","type":"IMAGE"},{"path":"symbols/66.png","type":"IMAGE"},{"path":"symbols/387.png","type":"IMAGE"},{"path":"symbols/389.png","type":"IMAGE"},{"path":"symbols/175.png","type":"IMAGE"},{"path":"symbols/382.png","type":"IMAGE"},{"path":"symbols/384.png","type":"IMAGE"},{"path":"symbols/168.png","type":"IMAGE"},{"path":"symbols/171.png","type":"IMAGE"},{"path":"symbols/76.png","type":"IMAGE"},{"path":"symbols/75.png","type":"IMAGE"},{"path":"symbols/78.png","type":"IMAGE"},{"path":"symbols/368.png","type":"IMAGE"},{"path":"symbols/370.png","type":"IMAGE"},{"path":"symbols/372.png","type":"IMAGE"},{"path":"symbols/374.png","type":"IMAGE"},{"path":"symbols/364.png","type":"IMAGE"},{"path":"symbols/335.png","type":"IMAGE"},{"path":"symbols/187.png","type":"IMAGE"},{"path":"symbols/338.png","type":"IMAGE"},{"path":"symbols/340.png","type":"IMAGE"},{"path":"symbols/189.png","type":"IMAGE"},{"path":"symbols/342.png","type":"IMAGE"},{"path":"symbols/87.png","type":"IMAGE"},{"path":"symbols/86.png","type":"IMAGE"},{"path":"symbols/85.png","type":"IMAGE"},{"path":"symbols/344.png","type":"IMAGE"},{"path":"symbols/180.png","type":"IMAGE"},{"path":"symbols/89.png","type":"IMAGE"},{"path":"symbols/92.png","type":"IMAGE"},{"path":"symbols/91.png","type":"IMAGE"},{"path":"symbols/94.png","type":"IMAGE"},{"path":"symbols/348.png","type":"IMAGE"},{"path":"symbols/350.png","type":"IMAGE"},{"path":"symbols/97.png","type":"IMAGE"},{"path":"symbols/96.png","type":"IMAGE"},{"path":"symbols/352.png","type":"IMAGE"},{"path":"symbols/113.png","type":"IMAGE"},{"path":"symbols/117.png","type":"IMAGE"},{"path":"symbols/121.png","type":"IMAGE"},{"path":"symbols/355.png","type":"IMAGE"},{"path":"symbols/99.png","type":"IMAGE"},{"path":"symbols/357.png","type":"IMAGE"},{"path":"symbols/359.png","type":"IMAGE"},{"path":"symbols/361.png","type":"IMAGE"},{"path":"symbols/177.png","type":"IMAGE"},{"path":"symbols/184.png","type":"IMAGE"},{"path":"symbols/68.png","type":"IMAGE"},{"path":"symbols/194.png","type":"IMAGE"},{"path":"symbols/196.png","type":"IMAGE"},{"path":"symbols/200.png","type":"IMAGE"},{"path":"symbols/159.png","type":"IMAGE"},{"path":"symbols/207.png","type":"IMAGE"},{"path":"symbols/211.png","type":"IMAGE"},{"path":"symbols/210.png","type":"IMAGE"},{"path":"symbols/221.png","type":"IMAGE"},{"path":"symbols/224.png","type":"IMAGE"},{"path":"symbols/230.png","type":"IMAGE"},{"path":"symbols/232.png","type":"IMAGE"},{"path":"symbols/234.png","type":"IMAGE"},{"path":"symbols/238.png","type":"IMAGE"},{"path":"symbols/246.png","type":"IMAGE"},{"path":"symbols/248.png","type":"IMAGE"},{"path":"symbols/250.png","type":"IMAGE"},{"path":"symbols/257.png","type":"IMAGE"},{"path":"symbols/263.png","type":"IMAGE"},{"path":"symbols/265.png","type":"IMAGE"},{"path":"symbols/267.png","type":"IMAGE"},{"path":"symbols/269.png","type":"IMAGE"},{"path":"symbols/271.png","type":"IMAGE"},{"path":"symbols/273.png","type":"IMAGE"},{"path":"symbols/275.png","type":"IMAGE"},{"path":"symbols/277.png","type":"IMAGE"},{"path":"symbols/279.png","type":"IMAGE"},{"path":"symbols/281.png","type":"IMAGE"},{"path":"symbols/283.png","type":"IMAGE"},{"path":"symbols/285.png","type":"IMAGE"},{"path":"symbols/287.png","type":"IMAGE"},{"path":"symbols/290.png","type":"IMAGE"},{"path":"symbols/289.png","type":"IMAGE"},{"path":"symbols/293.png","type":"IMAGE"},{"path":"symbols/295.png","type":"IMAGE"},{"path":"symbols/298.png","type":"IMAGE"},{"path":"symbols/301.png","type":"IMAGE"},{"path":"symbols/305.png","type":"IMAGE"},{"path":"symbols/308.png","type":"IMAGE"},{"path":"symbols/310.png","type":"IMAGE"},{"path":"symbols/312.png","type":"IMAGE"},{"path":"symbols/314.png","type":"IMAGE"},{"path":"symbols/317.png","type":"IMAGE"},{"path":"symbols/319.png","type":"IMAGE"},{"path":"symbols/321.png","type":"IMAGE"},{"path":"symbols/323.png","type":"IMAGE"},{"path":"symbols/325.png","type":"IMAGE"},{"path":"symbols/327.png","type":"IMAGE"},{"path":"symbols/331.png","type":"IMAGE"},{"path":"symbols/164.png","type":"IMAGE"},{"path":"symbols/161.png","type":"IMAGE"},{"path":"symbols/154.png","type":"IMAGE"},{"path":"symbols/156.png","type":"IMAGE"},{"path":"symbols/149.png","type":"IMAGE"},{"path":"symbols/151.png","type":"IMAGE"},{"path":"symbols/144.png","type":"IMAGE"},{"path":"symbols/146.png","type":"IMAGE"},{"path":"symbols/139.png","type":"IMAGE"},{"path":"symbols/141.png","type":"IMAGE"},{"path":"symbols/105.png","type":"IMAGE"},{"path":"symbols/109.png","type":"IMAGE"},{"path":"symbols/111.png","type":"IMAGE"},{"path":"symbols/115.png","type":"IMAGE"},{"path":"symbols/123.png","type":"IMAGE"},{"path":"symbols/125.png","type":"IMAGE"},{"path":"symbols/130.png","type":"IMAGE"},{"path":"symbols/134.png","type":"IMAGE"},{"path":"symbols/136.png","type":"IMAGE"},{"path":"symbols/81.png","type":"IMAGE"},{"path":"symbols/80.png","type":"IMAGE"},{"path":"symbols/1.png","type":"IMAGE"},{"path":"symbols/3.png","type":"IMAGE"},{"path":"symbols/5.png","type":"IMAGE"},{"path":"symbols/7.png","type":"IMAGE"},{"path":"symbols/9.png","type":"IMAGE"},{"path":"symbols/11.png","type":"IMAGE"},{"path":"symbols/13.png","type":"IMAGE"},{"path":"symbols/15.png","type":"IMAGE"},{"path":"symbols/17.png","type":"IMAGE"},{"path":"symbols/19.png","type":"IMAGE"},{"path":"symbols/21.png","type":"IMAGE"},{"path":"symbols/23.png","type":"IMAGE"},{"path":"symbols/25.png","type":"IMAGE"},{"path":"symbols/27.png","type":"IMAGE"},{"path":"symbols/29.png","type":"IMAGE"},{"path":"symbols/31.png","type":"IMAGE"},{"path":"symbols/33.png","type":"IMAGE"},{"path":"symbols/35.png","type":"IMAGE"},{"path":"symbols/37.png","type":"IMAGE"},{"path":"symbols/40.png","type":"IMAGE"},{"path":"symbols/39.png","type":"IMAGE"},{"path":"symbols/43.png","type":"IMAGE"},{"path":"symbols/42.png","type":"IMAGE"},{"path":"symbols/45.png","type":"IMAGE"},{"path":"symbols/47.png","type":"IMAGE"},{"path":"symbols/49.png","type":"IMAGE"},{"path":"symbols/51.png","type":"IMAGE"},{"path":"symbols/53.png","type":"IMAGE"},{"path":"symbols/55.png","type":"IMAGE"},{"path":"symbols/57.png","type":"IMAGE"},{"path":"symbols/59.png","type":"IMAGE"},{"path":"symbols/61.png","type":"IMAGE"},{"path":"symbols/63.png","type":"IMAGE"},{"path":"data.json","type":"TEXT"}],"rootPath":null,"version":3,"libraryArgs":["data.json","Dd8StQ3NkDT9GwPTo4YZ"],"libraryType":"swf.exporters.animate.AnimateLibrary"}